frame_index,frame_mean_pixel_error,frame_point_count,gt_individuals,pred_individuals
0,5.222053527850806,15,"shrimp1,shrimp2,shrimp3","ind1,ind2,ind3"
1,9.132575000170972,15,"shrimp1,shrimp2,shrimp3","ind1,ind2,ind3"
2,6.3179969206415345,15,"shrimp1,shrimp2,shrimp3","ind1,ind2,ind3"
3,6.364062071043583,15,"shrimp1,shrimp2,shrimp3","ind1,ind2,ind3"
4,26.216709927674483,13,"shrimp1,shrimp2,shrimp3","ind1,ind2,ind3"
5,5.316228193268785,15,"shrimp1,shrimp2,shrimp3","ind1,ind2,ind3"
6,28.22123047869598,8,"shrimp1,shrimp2,shrimp3","ind1,ind2,ind3"
7,6.514376204322071,15,"shrimp1,shrimp2,shrimp3","ind1,ind2,ind3"
8,5.916186404579843,15,"shrimp1,shrimp2,shrimp3","ind1,ind2,ind3"
9,11.722368766136002,15,"shrimp1,shrimp2,shrimp3","ind1,ind2,ind3"
10,10.681787136138963,13,"shrimp1,shrimp2,shrimp3","ind1,ind2,ind3"
11,11.433638753456886,14,"shrimp1,shrimp2,shrimp3","ind1,ind2,ind3"
12,12.512288176285466,15,"shrimp1,shrimp2,shrimp3","ind1,ind2,ind3"
13,21.26164837969618,15,"shrimp1,shrimp2,shrimp3","ind1,ind2,ind3"
14,12.129041344870432,13,"shrimp1,shrimp2,shrimp3","ind1,ind2,ind3"
15,13.064010178739178,15,"shrimp1,shrimp2,shrimp3","ind1,ind2,ind3"
16,13.946118868154667,15,"shrimp1,shrimp2,shrimp3","ind1,ind2,ind3"
17,10.61250578747817,14,"shrimp1,shrimp2,shrimp3","ind1,ind2,ind3"
18,116.61724297869996,15,"shrimp1,shrimp2,shrimp3","ind1,ind2,ind3"
19,8.432632981692914,10,"shrimp1,shrimp2,shrimp3","ind1,ind2,ind3"
20,5.960748077253332,15,"shrimp1,shrimp2,shrimp3","ind1,ind2,ind3"
21,7.49093183594544,15,"shrimp1,shrimp2,shrimp3","ind1,ind2,ind3"
22,10.266762944257808,15,"shrimp1,shrimp2,shrimp3","ind1,ind2,ind3"
23,7.375440240917864,10,"shrimp1,shrimp2,shrimp3","ind1,ind2,ind3"
24,14.490762789638456,10,"shrimp1,shrimp2,shrimp3","ind1,ind2,ind3"
25,15.037332963469282,10,"shrimp1,shrimp2,shrimp3","ind1,ind2,ind3"
26,29.060576301660998,13,"shrimp1,shrimp2,shrimp3","ind1,ind2,ind3"
27,8.545668619584553,15,"shrimp1,shrimp2,shrimp3","ind1,ind2,ind3"
28,26.770161093976487,13,"shrimp1,shrimp2,shrimp3","ind1,ind2,ind3"
29,32.72105575250924,13,"shrimp1,shrimp2,shrimp3","ind1,ind2,ind3"
30,26.763606906080867,8,"shrimp1,shrimp2,shrimp3","ind1,ind2,ind3"
31,6.260497632810442,10,"shrimp1,shrimp2,shrimp3","ind1,ind2,ind3"
32,33.48126911450386,10,"shrimp1,shrimp2,shrimp3","ind1,ind2,ind3"
33,34.14307335172681,10,"shrimp1,shrimp2,shrimp3","ind1,ind2,ind3"
34,31.733092321334368,10,"shrimp1,shrimp2,shrimp3","ind1,ind2,ind3"
35,30.394337670522127,9,"shrimp1,shrimp2,shrimp3","ind1,ind2,ind3"
36,8.04930052354074,10,"shrimp1,shrimp2,shrimp3","ind1,ind2,ind3"
37,31.91094666614297,10,"shrimp1,shrimp2,shrimp3","ind1,ind2,ind3"
38,6.439315338263732,10,"shrimp1,shrimp2,shrimp3","ind1,ind2,ind3"
39,12.928730962194738,10,"shrimp1,shrimp2,shrimp3","ind1,ind2,ind3"
40,6.898465626568654,10,"shrimp1,shrimp2,shrimp3","ind1,ind2,ind3"
41,31.721400976546278,10,"shrimp1,shrimp2,shrimp3","ind1,ind2,ind3"
42,8.182510311705407,10,"shrimp1,shrimp2,shrimp3","ind1,ind2,ind3"
43,30.34053431785453,10,"shrimp1,shrimp2,shrimp3","ind1,ind2,ind3"
44,7.95378208343958,10,"shrimp1,shrimp2,shrimp3","ind1,ind2,ind3"
45,24.18809352961049,10,"shrimp1,shrimp2,shrimp3","ind1,ind2,ind3"
46,11.438297075614752,10,"shrimp1,shrimp2,shrimp3","ind1,ind2,ind3"
47,27.351126210937434,10,"shrimp1,shrimp2,shrimp3","ind1,ind2,ind3"
48,11.309753353713948,10,"shrimp1,shrimp2,shrimp3","ind1,ind2,ind3"
49,7.435167489808892,10,"shrimp1,shrimp2,shrimp3","ind1,ind2,ind3"
50,8.961056289338753,10,"shrimp1,shrimp2,shrimp3","ind1,ind2,ind3"
51,6.017052632280539,10,"shrimp1,shrimp2,shrimp3","ind1,ind2,ind3"
52,7.280711009183416,10,"shrimp1,shrimp2,shrimp3","ind1,ind2,ind3"
53,6.756522504442275,10,"shrimp1,shrimp2,shrimp3","ind1,ind2,ind3"
54,7.018567034372569,10,"shrimp1,shrimp2,shrimp3","ind1,ind2,ind3"
55,8.754588639895687,10,"shrimp1,shrimp2,shrimp3","ind1,ind2,ind3"
56,15.139772095538603,8,"shrimp1,shrimp2,shrimp3","ind1,ind2,ind3"
57,7.287671358523914,10,"shrimp1,shrimp2,shrimp3","ind1,ind2,ind3"
58,41.35637016892582,3,"shrimp1,shrimp2,shrimp3","ind1,ind2,ind3"
59,9.268126395609055,10,"shrimp1,shrimp2,shrimp3","ind1,ind2,ind3"
60,16.368943393968586,10,"shrimp1,shrimp2,shrimp3","ind1,ind2,ind3"
61,8.985284768866176,10,"shrimp1,shrimp2,shrimp3","ind1,ind2,ind3"
62,27.26431443692644,10,"shrimp1,shrimp2,shrimp3","ind1,ind2,ind3"
63,7.7858031530597485,10,"shrimp1,shrimp2,shrimp3","ind1,ind2,ind3"
64,5.654108834435152,10,"shrimp1,shrimp2,shrimp3","ind1,ind2,ind3"
65,6.424845579271098,10,"shrimp1,shrimp2,shrimp3","ind1,ind2,ind3"
66,6.562759688584835,10,"shrimp1,shrimp2,shrimp3","ind1,ind2,ind3"
67,10.926755818863185,10,"shrimp1,shrimp2,shrimp3","ind1,ind2,ind3"
68,8.25780340881369,10,"shrimp1,shrimp2,shrimp3","ind1,ind2,ind3"
69,8.384766750532284,10,"shrimp1,shrimp2,shrimp3","ind1,ind2,ind3"
70,8.065604479922758,10,"shrimp1,shrimp2,shrimp3","ind1,ind2,ind3"
71,8.58968708276026,10,"shrimp1,shrimp2,shrimp3","ind1,ind2,ind3"
72,8.420135269357624,10,"shrimp1,shrimp2,shrimp3","ind1,ind2,ind3"
73,14.671958575048125,9,"shrimp1,shrimp2,shrimp3","ind1,ind2,ind3"
74,7.751739763857107,10,"shrimp1,shrimp2,shrimp3","ind1,ind2,ind3"
75,8.945405070641028,10,"shrimp1,shrimp2,shrimp3","ind1,ind2,ind3"
76,8.49013240204994,10,"shrimp1,shrimp2,shrimp3","ind1,ind2,ind3"
77,12.488900585179199,10,"shrimp1,shrimp2,shrimp3","ind1,ind2,ind3"
78,15.653939085656626,10,"shrimp1,shrimp2,shrimp3","ind1,ind2,ind3"
79,16.42748497767457,10,"shrimp1,shrimp2,shrimp3","ind1,ind2,ind3"
80,15.415013768996314,9,"shrimp1,shrimp2,shrimp3","ind1,ind2,ind3"
81,12.203588078914764,9,"shrimp1,shrimp2,shrimp3","ind1,ind2,ind3"
82,148.26994014591713,10,"shrimp1,shrimp2,shrimp3","ind1,ind2,ind3"
83,25.438643377190953,5,"shrimp1,shrimp2,shrimp3","ind1,ind2,ind3"
84,22.773212954232466,3,"shrimp1,shrimp2,shrimp3","ind1,ind2,ind3"
85,56.23061383754055,4,"shrimp1,shrimp2,shrimp3","ind1,ind2,ind3"
86,36.763409096862304,5,"shrimp1,shrimp2,shrimp3","ind1,ind2,ind3"
87,36.66456184522269,5,"shrimp1,shrimp2,shrimp3","ind1,ind2,ind3"
88,56.51072398784809,5,"shrimp1,shrimp2,shrimp3","ind1,ind2,ind3"
89,23.304487455596746,10,"shrimp1,shrimp2,shrimp3","ind1,ind2,ind3"
90,101.63169907164855,12,"shrimp1,shrimp2,shrimp3","ind1,ind2,ind3"
91,5.861732376031975,8,"shrimp1,shrimp2,shrimp3","ind1,ind2,ind3"
92,90.46786806547847,5,"shrimp1,shrimp2,shrimp3","ind1,ind2,ind3"
93,27.197004606097455,8,"shrimp1,shrimp2,shrimp3","ind1,ind2,ind3"
94,10.557030155331029,10,"shrimp1,shrimp2,shrimp3","ind1,ind2,ind3"
95,26.242165408582657,8,"shrimp1,shrimp2,shrimp3","ind1,ind2,ind3"
96,10.714120448132093,10,"shrimp1,shrimp2,shrimp3","ind1,ind2,ind3"
97,27.922838403147058,10,"shrimp1,shrimp2,shrimp3","ind1,ind2,ind3"
98,6.700917195089083,10,"shrimp1,shrimp2,shrimp3","ind1,ind2,ind3"
99,52.45929596673808,10,"shrimp1,shrimp2,shrimp3","ind1,ind2,ind3"
100,7.673082907351978,10,"shrimp1,shrimp2,shrimp3","ind1,ind2,ind3"
101,155.12830663427138,10,"shrimp1,shrimp2,shrimp3","ind1,ind2,ind3"
102,7.283291001131299,10,"shrimp1,shrimp2,shrimp3","ind1,ind2,ind3"
103,10.457558741111011,10,"shrimp1,shrimp2,shrimp3","ind1,ind2,ind3"
104,22.591260856921597,10,"shrimp1,shrimp2,shrimp3","ind1,ind2,ind3"
105,9.934898026934809,9,"shrimp1,shrimp2,shrimp3","ind1,ind2,ind3"
106,6.541929696661308,10,"shrimp1,shrimp2,shrimp3","ind1,ind2,ind3"
107,7.83107038117407,10,"shrimp1,shrimp2,shrimp3","ind1,ind2,ind3"
108,20.618743716699452,10,"shrimp1,shrimp2,shrimp3","ind1,ind2,ind3"
109,7.9267921552172895,10,"shrimp1,shrimp2,shrimp3","ind1,ind2,ind3"
110,22.58329024451531,10,"shrimp1,shrimp2,shrimp3","ind1,ind2,ind3"
111,7.7087444802400835,10,"shrimp1,shrimp2,shrimp3","ind1,ind2,ind3"
112,25.187852999298563,10,"shrimp1,shrimp2,shrimp3","ind1,ind2,ind3"
113,7.0345005097064846,10,"shrimp1,shrimp2,shrimp3","ind1,ind2,ind3"
114,11.921429235362053,10,"shrimp1,shrimp2,shrimp3","ind1,ind2,ind3"
115,4.982057955284101,5,"shrimp1,shrimp2,shrimp3","ind1,ind2,ind3"
116,6.185440109350542,5,"shrimp1,shrimp2,shrimp3","ind1,ind2,ind3"
117,7.0795011876668195,5,"shrimp1,shrimp2,shrimp3","ind1,ind2,ind3"
118,294.6393686833428,5,"shrimp1,shrimp2,shrimp3","ind1,ind2,ind3"
119,7.555008335546833,5,"shrimp1,shrimp2,shrimp3","ind1,ind2,ind3"
120,59.649338790560286,3,"shrimp1,shrimp2,shrimp3","ind1,ind2,ind3"
121,59.22769223433769,3,"shrimp1,shrimp2,shrimp3","ind1,ind2,ind3"
122,9.882612086077334,5,"shrimp1,shrimp2,shrimp3","ind1,ind2,ind3"
123,8.233843739624836,5,"shrimp1,shrimp2,shrimp3","ind1,ind2,ind3"
124,26.07874257553077,3,"shrimp1,shrimp2,shrimp3","ind1,ind2,ind3"
125,5.974653957070781,5,"shrimp1,shrimp2,shrimp3","ind1,ind2,ind3"
126,6.547292392357777,5,"shrimp1,shrimp2,shrimp3","ind1,ind2,ind3"
127,6.678624937051957,5,"shrimp1,shrimp2,shrimp3","ind1,ind2,ind3"
128,7.514181231485625,5,"shrimp1,shrimp2,shrimp3","ind1,ind2,ind3"
129,10.11569526465905,5,"shrimp1,shrimp2,shrimp3","ind1,ind2,ind3"
130,7.424065412187943,5,"shrimp1,shrimp2,shrimp3","ind1,ind2,ind3"
131,16.581952441549735,4,"shrimp1,shrimp2,shrimp3","ind1,ind2,ind3"
132,4.80493840811737,5,"shrimp1,shrimp2,shrimp3","ind1,ind2,ind3"
133,6.329884188566379,5,"shrimp1,shrimp2,shrimp3","ind1,ind2,ind3"
134,5.496401666516332,5,"shrimp1,shrimp2,shrimp3","ind1,ind2,ind3"
135,41.217595320297924,3,"shrimp1,shrimp2,shrimp3","ind1,ind2,ind3"
136,5.5168793784481975,5,"shrimp1,shrimp2,shrimp3","ind1,ind2,ind3"
137,7.27962110998614,5,"shrimp1,shrimp2,shrimp3","ind1,ind2,ind3"
138,,0,"shrimp1,shrimp2,shrimp3","ind1,ind2,ind3"
139,,0,"shrimp1,shrimp2,shrimp3","ind1,ind2,ind3"
140,,0,"shrimp1,shrimp2,shrimp3","ind1,ind2,ind3"
141,,0,"shrimp1,shrimp2,shrimp3","ind1,ind2,ind3"
142,7.338576783703401,5,"shrimp1,shrimp2,shrimp3","ind1,ind2,ind3"
143,66.59020752844174,3,"shrimp1,shrimp2,shrimp3","ind1,ind2,ind3"
144,,0,"shrimp1,shrimp2,shrimp3","ind1,ind2,ind3"
145,70.30643363811421,3,"shrimp1,shrimp2,shrimp3","ind1,ind2,ind3"
146,69.75375225251254,4,"shrimp1,shrimp2,shrimp3","ind1,ind2,ind3"
147,9.513684591615275,4,"shrimp1,shrimp2,shrimp3","ind1,ind2,ind3"
148,10.163883777338278,9,"shrimp1,shrimp2,shrimp3","ind1,ind2,ind3"
149,11.939179711432459,9,"shrimp1,shrimp2,shrimp3","ind1,ind2,ind3"
150,11.101297799967146,9,"shrimp1,shrimp2,shrimp3","ind1,ind2,ind3"
151,34.22293269040548,9,"shrimp1,shrimp2,shrimp3","ind1,ind2,ind3"
152,6.998306799098756,10,"shrimp1,shrimp2,shrimp3","ind1,ind2,ind3"
153,7.384781932138088,5,"shrimp1,shrimp2,shrimp3","ind1,ind2,ind3"
154,28.73026385045437,8,"shrimp1,shrimp2,shrimp3","ind1,ind2,ind3"
155,92.20482438501085,8,"shrimp1,shrimp2,shrimp3","ind1,ind2,ind3"
156,91.98706552818528,7,"shrimp1,shrimp2,shrimp3","ind1,ind2,ind3"
157,24.45779163627364,8,"shrimp1,shrimp2,shrimp3","ind1,ind2,ind3"
158,5.895870284074671,3,"shrimp1,shrimp2,shrimp3","ind1,ind2,ind3"
159,4.608752111428004,8,"shrimp1,shrimp2,shrimp3","ind1,ind2,ind3"
160,3.8245819933312104,4,"shrimp1,shrimp2,shrimp3","ind1,ind2,ind3"
161,43.2717064320493,5,"shrimp1,shrimp2,shrimp3","ind1,ind2,ind3"
162,3.032393424112123,5,"shrimp1,shrimp2,shrimp3","ind1,ind2,ind3"
163,6.453115906659716,10,"shrimp1,shrimp2,shrimp3","ind1,ind2,ind3"
164,5.778889106471924,10,"shrimp1,shrimp2,shrimp3","ind1,ind2,ind3"
165,7.073835417779027,10,"shrimp1,shrimp2,shrimp3","ind1,ind2,ind3"
166,4.958974888630346,10,"shrimp1,shrimp2,shrimp3","ind1,ind2,ind3"
167,72.9639654331599,8,"shrimp1,shrimp2,shrimp3","ind1,ind2,ind3"
168,56.33907007798467,10,"shrimp1,shrimp2,shrimp3","ind1,ind2,ind3"
169,22.463442625318933,10,"shrimp1,shrimp2,shrimp3","ind1,ind2,ind3"
170,9.052683829807052,8,"shrimp1,shrimp2,shrimp3","ind1,ind2,ind3"
171,51.64941075673223,10,"shrimp1,shrimp2,shrimp3","ind1,ind2,ind3"
172,8.250033741494004,7,"shrimp1,shrimp2,shrimp3","ind1,ind2,ind3"
173,7.651413626824702,9,"shrimp1,shrimp2,shrimp3","ind1,ind2,ind3"
174,7.6674717164469355,10,"shrimp1,shrimp2,shrimp3","ind1,ind2,ind3"
175,50.62537695374159,8,"shrimp1,shrimp2,shrimp3","ind1,ind2,ind3"
176,52.38036876605271,8,"shrimp1,shrimp2,shrimp3","ind1,ind2,ind3"
177,252.86901309271076,9,"shrimp1,shrimp2,shrimp3","ind1,ind2,ind3"
178,19.823015151111402,7,"shrimp1,shrimp2,shrimp3","ind1,ind2,ind3"
179,6.469482981653459,5,"shrimp1,shrimp2,shrimp3","ind1,ind2,ind3"
180,8.128551110548798,4,"shrimp1,shrimp2,shrimp3","ind1,ind2,ind3"
181,7.546017569605188,3,"shrimp1,shrimp2,shrimp3","ind1,ind2,ind3"
182,7.948452582692177,8,"shrimp1,shrimp2,shrimp3","ind1,ind2,ind3"
183,7.363628670269504,9,"shrimp1,shrimp2,shrimp3","ind1,ind2,ind3"
184,23.733821315037638,9,"shrimp1,shrimp2,shrimp3","ind1,ind2,ind3"
185,6.790510597700159,8,"shrimp1,shrimp2,shrimp3","ind1,ind2,ind3"
186,19.049300033757312,8,"shrimp1,shrimp2,shrimp3","ind1,ind2,ind3"
187,6.3108407401328455,10,"shrimp1,shrimp2,shrimp3","ind1,ind2,ind3"
188,7.030345194744747,10,"shrimp1,shrimp2,shrimp3","ind1,ind2,ind3"
189,6.3833667496269415,10,"shrimp1,shrimp2,shrimp3","ind1,ind2,ind3"
190,7.776192447467592,10,"shrimp1,shrimp2,shrimp3","ind1,ind2,ind3"
191,5.879369161505149,10,"shrimp1,shrimp2,shrimp3","ind1,ind2,ind3"
192,6.37320491874335,10,"shrimp1,shrimp2,shrimp3","ind1,ind2,ind3"
193,12.363601382280239,10,"shrimp1,shrimp2,shrimp3","ind1,ind2,ind3"
194,19.04354295928098,8,"shrimp1,shrimp2,shrimp3","ind1,ind2,ind3"
195,4.989106774357006,10,"shrimp1,shrimp2,shrimp3","ind1,ind2,ind3"
196,6.0044270937341455,10,"shrimp1,shrimp2,shrimp3","ind1,ind2,ind3"
197,5.968413605531341,10,"shrimp1,shrimp2,shrimp3","ind1,ind2,ind3"
198,5.610384709926617,10,"shrimp1,shrimp2,shrimp3","ind1,ind2,ind3"
199,28.03163324540617,8,"shrimp1,shrimp2,shrimp3","ind1,ind2,ind3"
200,6.941273412385942,5,"shrimp1,shrimp2,shrimp3","ind1,ind2,ind3"
201,6.867204359829496,5,"shrimp1,shrimp2,shrimp3","ind1,ind2,ind3"
202,6.580701681867017,5,"shrimp1,shrimp2,shrimp3","ind1,ind2,ind3"
203,6.915699863433817,5,"shrimp1,shrimp2,shrimp3","ind1,ind2,ind3"
204,5.7996512520861545,5,"shrimp1,shrimp2,shrimp3","ind1,ind2,ind3"
205,6.574067033566391,5,"shrimp1,shrimp2,shrimp3","ind1,ind2,ind3"
206,5.89276495236068,5,"shrimp1,shrimp2,shrimp3","ind1,ind2,ind3"
207,5.834064348919108,5,"shrimp1,shrimp2,shrimp3","ind1,ind2,ind3"
208,9.198289041016823,5,"shrimp1,shrimp2,shrimp3","ind1,ind2,ind3"
209,8.863893267058886,5,"shrimp1,shrimp2,shrimp3","ind1,ind2,ind3"
210,8.712599023541726,5,"shrimp1,shrimp2,shrimp3","ind1,ind2,ind3"
211,79.84083467140962,3,"shrimp1,shrimp2,shrimp3","ind1,ind2,ind3"
212,,0,"shrimp1,shrimp2,shrimp3","ind1,ind2,ind3"
213,,0,"shrimp1,shrimp2,shrimp3","ind1,ind2,ind3"
214,,0,"shrimp1,shrimp2,shrimp3","ind1,ind2,ind3"
215,,0,"shrimp1,shrimp2,shrimp3","ind1,ind2,ind3"
216,,0,"shrimp1,shrimp2,shrimp3","ind1,ind2,ind3"
217,,0,"shrimp1,shrimp2,shrimp3","ind1,ind2,ind3"
218,,0,"shrimp1,shrimp2,shrimp3","ind1,ind2,ind3"
219,,0,"shrimp1,shrimp2,shrimp3","ind1,ind2,ind3"
220,,0,"shrimp1,shrimp2,shrimp3","ind1,ind2,ind3"
221,,0,"shrimp1,shrimp2,shrimp3","ind1,ind2,ind3"
222,,0,"shrimp1,shrimp2,shrimp3","ind1,ind2,ind3"
223,,0,"shrimp1,shrimp2,shrimp3","ind1,ind2,ind3"
224,,0,"shrimp1,shrimp2,shrimp3","ind1,ind2,ind3"
225,,0,"shrimp1,shrimp2,shrimp3","ind1,ind2,ind3"
226,,0,"shrimp1,shrimp2,shrimp3","ind1,ind2,ind3"
227,,0,"shrimp1,shrimp2,shrimp3","ind1,ind2,ind3"
228,,0,"shrimp1,shrimp2,shrimp3","ind1,ind2,ind3"
229,,0,"shrimp1,shrimp2,shrimp3","ind1,ind2,ind3"
230,,0,"shrimp1,shrimp2,shrimp3","ind1,ind2,ind3"
231,,0,"shrimp1,shrimp2,shrimp3","ind1,ind2,ind3"
232,,0,"shrimp1,shrimp2,shrimp3","ind1,ind2,ind3"
233,,0,"shrimp1,shrimp2,shrimp3","ind1,ind2,ind3"
234,,0,"shrimp1,shrimp2,shrimp3","ind1,ind2,ind3"
235,,0,"shrimp1,shrimp2,shrimp3","ind1,ind2,ind3"
236,,0,"shrimp1,shrimp2,shrimp3","ind1,ind2,ind3"
237,,0,"shrimp1,shrimp2,shrimp3","ind1,ind2,ind3"
238,,0,"shrimp1,shrimp2,shrimp3","ind1,ind2,ind3"
239,,0,"shrimp1,shrimp2,shrimp3","ind1,ind2,ind3"
240,,0,"shrimp1,shrimp2,shrimp3","ind1,ind2,ind3"
241,,0,"shrimp1,shrimp2,shrimp3","ind1,ind2,ind3"
242,,0,"shrimp1,shrimp2,shrimp3","ind1,ind2,ind3"
243,7.111188160993569,5,"shrimp1,shrimp2,shrimp3","ind1,ind2,ind3"
244,55.54186185482737,5,"shrimp1,shrimp2,shrimp3","ind1,ind2,ind3"
245,6.893136515980338,5,"shrimp1,shrimp2,shrimp3","ind1,ind2,ind3"
246,6.41643930646746,5,"shrimp1,shrimp2,shrimp3","ind1,ind2,ind3"
247,6.813057162835889,5,"shrimp1,shrimp2,shrimp3","ind1,ind2,ind3"
248,6.406630885722022,5,"shrimp1,shrimp2,shrimp3","ind1,ind2,ind3"
249,8.490346880236643,5,"shrimp1,shrimp2,shrimp3","ind1,ind2,ind3"
250,51.673434452169545,5,"shrimp1,shrimp2,shrimp3","ind1,ind2,ind3"
251,6.9344085601855046,5,"shrimp1,shrimp2,shrimp3","ind1,ind2,ind3"
252,7.349890989741193,5,"shrimp1,shrimp2,shrimp3","ind1,ind2,ind3"
253,171.30275799454478,5,"shrimp1,shrimp2,shrimp3","ind1,ind2,ind3"
254,14.563146498948129,5,"shrimp1,shrimp2,shrimp3","ind1,ind2,ind3"
255,7.001630241782374,5,"shrimp1,shrimp2,shrimp3","ind1,ind2,ind3"
256,6.913720255167502,5,"shrimp1,shrimp2,shrimp3","ind1,ind2,ind3"
257,49.9611571868054,5,"shrimp1,shrimp2,shrimp3","ind1,ind2,ind3"
258,7.848346520271283,10,"shrimp1,shrimp2,shrimp3","ind1,ind2,ind3"
259,23.37653331529089,9,"shrimp1,shrimp2,shrimp3","ind1,ind2,ind3"
260,29.671472077637837,10,"shrimp1,shrimp2,shrimp3","ind1,ind2,ind3"
261,30.092785052101096,10,"shrimp1,shrimp2,shrimp3","ind1,ind2,ind3"
262,95.80650084989968,10,"shrimp1,shrimp2,shrimp3","ind1,ind2,ind3"
263,17.731276726685042,10,"shrimp1,shrimp2,shrimp3","ind1,ind2,ind3"
264,28.589190366769987,10,"shrimp1,shrimp2,shrimp3","ind1,ind2,ind3"
265,28.852295727256102,10,"shrimp1,shrimp2,shrimp3","ind1,ind2,ind3"
266,98.18678728423889,10,"shrimp1,shrimp2,shrimp3","ind1,ind2,ind3"
267,6.76907960734688,10,"shrimp1,shrimp2,shrimp3","ind1,ind2,ind3"
268,29.472127918077682,10,"shrimp1,shrimp2,shrimp3","ind1,ind2,ind3"
269,6.718844900973036,10,"shrimp1,shrimp2,shrimp3","ind1,ind2,ind3"
270,6.699815221932927,10,"shrimp1,shrimp2,shrimp3","ind1,ind2,ind3"
271,6.898148051531479,10,"shrimp1,shrimp2,shrimp3","ind1,ind2,ind3"
272,16.420480288044878,10,"shrimp1,shrimp2,shrimp3","ind1,ind2,ind3"
273,20.857300290292006,9,"shrimp1,shrimp2,shrimp3","ind1,ind2,ind3"
274,26.375396937914797,10,"shrimp1,shrimp2,shrimp3","ind1,ind2,ind3"
275,28.953609401318083,10,"shrimp1,shrimp2,shrimp3","ind1,ind2,ind3"
276,21.692003806784836,9,"shrimp1,shrimp2,shrimp3","ind1,ind2,ind3"
277,20.510203469870987,8,"shrimp1,shrimp2,shrimp3","ind1,ind2,ind3"
278,168.84641471018438,15,"shrimp1,shrimp2,shrimp3","ind1,ind2,ind3"
279,168.16063372746478,15,"shrimp1,shrimp2,shrimp3","ind1,ind2,ind3"
280,151.13233475109124,15,"shrimp1,shrimp2,shrimp3","ind1,ind2,ind3"
281,166.18333167775916,15,"shrimp1,shrimp2,shrimp3","ind1,ind2,ind3"
282,163.28019001501056,15,"shrimp1,shrimp2,shrimp3","ind1,ind2,ind3"
283,163.22422758967213,15,"shrimp1,shrimp2,shrimp3","ind1,ind2,ind3"
284,162.36072147156617,15,"shrimp1,shrimp2,shrimp3","ind1,ind2,ind3"
285,28.228630869712713,10,"shrimp1,shrimp2,shrimp3","ind1,ind2,ind3"
286,158.30131692239678,15,"shrimp1,shrimp2,shrimp3","ind1,ind2,ind3"
287,13.479888222081016,10,"shrimp1,shrimp2,shrimp3","ind1,ind2,ind3"
288,163.8479226173126,13,"shrimp1,shrimp2,shrimp3","ind1,ind2,ind3"
289,162.93543604957085,13,"shrimp1,shrimp2,shrimp3","ind1,ind2,ind3"
290,25.842113334938325,10,"shrimp1,shrimp2,shrimp3","ind1,ind2,ind3"
291,7.995383713472203,10,"shrimp1,shrimp2,shrimp3","ind1,ind2,ind3"
292,8.88203346978203,10,"shrimp1,shrimp2,shrimp3","ind1,ind2,ind3"
293,7.394898431746907,10,"shrimp1,shrimp2,shrimp3","ind1,ind2,ind3"
294,7.026917359913895,10,"shrimp1,shrimp2,shrimp3","ind1,ind2,ind3"
295,6.365719937579896,10,"shrimp1,shrimp2,shrimp3","ind1,ind2,ind3"
296,7.631928293033373,10,"shrimp1,shrimp2,shrimp3","ind1,ind2,ind3"
297,7.935628046992413,10,"shrimp1,shrimp2,shrimp3","ind1,ind2,ind3"
298,6.454572336732605,10,"shrimp1,shrimp2,shrimp3","ind1,ind2,ind3"
299,7.123391063359525,10,"shrimp1,shrimp2,shrimp3","ind1,ind2,ind3"
300,8.52965428501995,10,"shrimp1,shrimp2,shrimp3","ind1,ind2,ind3"
301,8.355394624943765,10,"shrimp1,shrimp2,shrimp3","ind1,ind2,ind3"
302,9.298885037271422,10,"shrimp1,shrimp2,shrimp3","ind1,ind2,ind3"
303,21.80379250489818,13,"shrimp1,shrimp2,shrimp3","ind1,ind2,ind3"
304,20.22827736417689,13,"shrimp1,shrimp2,shrimp3","ind1,ind2,ind3"
305,30.234892411322438,10,"shrimp1,shrimp2,shrimp3","ind1,ind2,ind3"
306,8.845677408020382,10,"shrimp1,shrimp2,shrimp3","ind1,ind2,ind3"
307,12.879325065583052,10,"shrimp1,shrimp2,shrimp3","ind1,ind2,ind3"
308,30.445736136624067,10,"shrimp1,shrimp2,shrimp3","ind1,ind2,ind3"
309,6.615518929197558,10,"shrimp1,shrimp2,shrimp3","ind1,ind2,ind3"
310,9.1323103679285,10,"shrimp1,shrimp2,shrimp3","ind1,ind2,ind3"
311,8.258848671878633,10,"shrimp1,shrimp2,shrimp3","ind1,ind2,ind3"
312,7.293919529054202,10,"shrimp1,shrimp2,shrimp3","ind1,ind2,ind3"
313,7.73800314890341,10,"shrimp1,shrimp2,shrimp3","ind1,ind2,ind3"
314,7.989608390318911,10,"shrimp1,shrimp2,shrimp3","ind1,ind2,ind3"
315,21.518861740258487,10,"shrimp1,shrimp2,shrimp3","ind1,ind2,ind3"
316,23.016067209526653,8,"shrimp1,shrimp2,shrimp3","ind1,ind2,ind3"
317,6.791765721831984,10,"shrimp1,shrimp2,shrimp3","ind1,ind2,ind3"
318,6.367803533450015,10,"shrimp1,shrimp2,shrimp3","ind1,ind2,ind3"
319,22.82615034800093,10,"shrimp1,shrimp2,shrimp3","ind1,ind2,ind3"
320,5.80709202185376,10,"shrimp1,shrimp2,shrimp3","ind1,ind2,ind3"
321,6.340117061932679,10,"shrimp1,shrimp2,shrimp3","ind1,ind2,ind3"
322,8.721437900563547,10,"shrimp1,shrimp2,shrimp3","ind1,ind2,ind3"
323,8.964126802114851,10,"shrimp1,shrimp2,shrimp3","ind1,ind2,ind3"
324,10.012503043085449,10,"shrimp1,shrimp2,shrimp3","ind1,ind2,ind3"
325,5.789466342936093,10,"shrimp1,shrimp2,shrimp3","ind1,ind2,ind3"
326,8.05854682217831,10,"shrimp1,shrimp2,shrimp3","ind1,ind2,ind3"
327,6.7238261789755285,10,"shrimp1,shrimp2,shrimp3","ind1,ind2,ind3"
328,7.7690305728035325,10,"shrimp1,shrimp2,shrimp3","ind1,ind2,ind3"
329,6.704799609720342,10,"shrimp1,shrimp2,shrimp3","ind1,ind2,ind3"
330,6.084832781431101,10,"shrimp1,shrimp2,shrimp3","ind1,ind2,ind3"
331,8.317493001096597,10,"shrimp1,shrimp2,shrimp3","ind1,ind2,ind3"
332,6.602559010266523,10,"shrimp1,shrimp2,shrimp3","ind1,ind2,ind3"
333,7.437466559689969,10,"shrimp1,shrimp2,shrimp3","ind1,ind2,ind3"
334,6.422132686586704,10,"shrimp1,shrimp2,shrimp3","ind1,ind2,ind3"
335,7.891466762311775,10,"shrimp1,shrimp2,shrimp3","ind1,ind2,ind3"
336,32.35788943074833,10,"shrimp1,shrimp2,shrimp3","ind1,ind2,ind3"
337,7.451332524363552,10,"shrimp1,shrimp2,shrimp3","ind1,ind2,ind3"
338,30.826403458608006,10,"shrimp1,shrimp2,shrimp3","ind1,ind2,ind3"
339,7.940362951249455,15,"shrimp1,shrimp2,shrimp3","ind1,ind2,ind3"
340,7.978289078490156,15,"shrimp1,shrimp2,shrimp3","ind1,ind2,ind3"
341,7.709367165149712,15,"shrimp1,shrimp2,shrimp3","ind1,ind2,ind3"
342,6.742648840325007,15,"shrimp1,shrimp2,shrimp3","ind1,ind2,ind3"
343,6.318982591361197,15,"shrimp1,shrimp2,shrimp3","ind1,ind2,ind3"
344,6.870755864431792,15,"shrimp1,shrimp2,shrimp3","ind1,ind2,ind3"
345,8.48997981630867,15,"shrimp1,shrimp2,shrimp3","ind1,ind2,ind3"
346,8.738550179450888,15,"shrimp1,shrimp2,shrimp3","ind1,ind2,ind3"
347,6.7252347497490215,15,"shrimp1,shrimp2,shrimp3","ind1,ind2,ind3"
348,5.50373341402478,15,"shrimp1,shrimp2,shrimp3","ind1,ind2,ind3"
349,21.505902078415215,15,"shrimp1,shrimp2,shrimp3","ind1,ind2,ind3"
350,7.19093948433727,15,"shrimp1,shrimp2,shrimp3","ind1,ind2,ind3"
351,22.716404259298677,15,"shrimp1,shrimp2,shrimp3","ind1,ind2,ind3"
352,91.51255416634442,15,"shrimp1,shrimp2,shrimp3","ind1,ind2,ind3"
353,8.79435928822787,10,"shrimp1,shrimp2,shrimp3","ind1,ind2,ind3"
354,6.683197240417419,10,"shrimp1,shrimp2,shrimp3","ind1,ind2,ind3"
355,7.501848474230215,10,"shrimp1,shrimp2,shrimp3","ind1,ind2,ind3"
356,6.135423814884649,10,"shrimp1,shrimp2,shrimp3","ind1,ind2,ind3"
357,7.7208203871150545,10,"shrimp1,shrimp2,shrimp3","ind1,ind2,ind3"
358,7.1819398714979075,10,"shrimp1,shrimp2,shrimp3","ind1,ind2,ind3"
359,21.513942663607956,10,"shrimp1,shrimp2,shrimp3","ind1,ind2,ind3"
360,6.798478960991797,10,"shrimp1,shrimp2,shrimp3","ind1,ind2,ind3"
361,6.994551218264201,10,"shrimp1,shrimp2,shrimp3","ind1,ind2,ind3"
362,8.564696123594706,10,"shrimp1,shrimp2,shrimp3","ind1,ind2,ind3"
363,8.07148739475004,10,"shrimp1,shrimp2,shrimp3","ind1,ind2,ind3"
364,9.561724499695995,10,"shrimp1,shrimp2,shrimp3","ind1,ind2,ind3"
365,22.622319386733864,10,"shrimp1,shrimp2,shrimp3","ind1,ind2,ind3"
366,25.146305910760145,10,"shrimp1,shrimp2,shrimp3","ind1,ind2,ind3"
367,10.779367745460233,7,"shrimp1,shrimp2,shrimp3","ind1,ind2,ind3"
368,7.141047206856457,8,"shrimp1,shrimp2,shrimp3","ind1,ind2,ind3"
369,9.772914365019947,10,"shrimp1,shrimp2,shrimp3","ind1,ind2,ind3"
370,8.811180859015378,10,"shrimp1,shrimp2,shrimp3","ind1,ind2,ind3"
371,6.508679716593809,10,"shrimp1,shrimp2,shrimp3","ind1,ind2,ind3"
372,9.457692703836551,10,"shrimp1,shrimp2,shrimp3","ind1,ind2,ind3"
373,7.670965102478273,10,"shrimp1,shrimp2,shrimp3","ind1,ind2,ind3"
374,8.295351296699236,10,"shrimp1,shrimp2,shrimp3","ind1,ind2,ind3"
375,7.7385095630307275,10,"shrimp1,shrimp2,shrimp3","ind1,ind2,ind3"
376,7.169672720975318,10,"shrimp1,shrimp2,shrimp3","ind1,ind2,ind3"
377,8.227399136836025,10,"shrimp1,shrimp2,shrimp3","ind1,ind2,ind3"
378,7.281880843166009,10,"shrimp1,shrimp2,shrimp3","ind1,ind2,ind3"
379,7.563997621860693,10,"shrimp1,shrimp2,shrimp3","ind1,ind2,ind3"
380,9.186870868204881,10,"shrimp1,shrimp2,shrimp3","ind1,ind2,ind3"
381,17.51942876011355,10,"shrimp1,shrimp2,shrimp3","ind1,ind2,ind3"
382,7.199197973026733,10,"shrimp1,shrimp2,shrimp3","ind1,ind2,ind3"
383,6.9585226025669895,10,"shrimp1,shrimp2,shrimp3","ind1,ind2,ind3"
384,7.051815254803657,10,"shrimp1,shrimp2,shrimp3","ind1,ind2,ind3"
385,10.392587313677451,8,"shrimp1,shrimp2,shrimp3","ind1,ind2,ind3"
386,9.092394726739427,10,"shrimp1,shrimp2,shrimp3","ind1,ind2,ind3"
387,8.840251615843464,10,"shrimp1,shrimp2,shrimp3","ind1,ind2,ind3"
388,8.706312079256042,10,"shrimp1,shrimp2,shrimp3","ind1,ind2,ind3"
389,7.724083900688207,10,"shrimp1,shrimp2,shrimp3","ind1,ind2,ind3"
390,8.353964134784544,8,"shrimp1,shrimp2,shrimp3","ind1,ind2,ind3"
391,7.135062329766707,10,"shrimp1,shrimp2,shrimp3","ind1,ind2,ind3"
392,7.315431764721735,10,"shrimp1,shrimp2,shrimp3","ind1,ind2,ind3"
393,8.277042892377656,10,"shrimp1,shrimp2,shrimp3","ind1,ind2,ind3"
394,9.075864382045705,10,"shrimp1,shrimp2,shrimp3","ind1,ind2,ind3"
395,8.436456964097907,10,"shrimp1,shrimp2,shrimp3","ind1,ind2,ind3"
396,8.065303093339583,10,"shrimp1,shrimp2,shrimp3","ind1,ind2,ind3"
397,21.339077170732928,15,"shrimp1,shrimp2,shrimp3","ind1,ind2,ind3"
398,46.83914259473972,15,"shrimp1,shrimp2,shrimp3","ind1,ind2,ind3"
399,7.484761615384403,15,"shrimp1,shrimp2,shrimp3","ind1,ind2,ind3"
400,6.4515978422629985,15,"shrimp1,shrimp2,shrimp3","ind1,ind2,ind3"
401,6.729619731499683,15,"shrimp1,shrimp2,shrimp3","ind1,ind2,ind3"
402,22.924073721264243,15,"shrimp1,shrimp2,shrimp3","ind1,ind2,ind3"
403,22.401349134822276,13,"shrimp1,shrimp2,shrimp3","ind1,ind2,ind3"
404,18.55807855015056,13,"shrimp1,shrimp2,shrimp3","ind1,ind2,ind3"
405,7.2456556366460765,15,"shrimp1,shrimp2,shrimp3","ind1,ind2,ind3"
406,21.924069526392554,15,"shrimp1,shrimp2,shrimp3","ind1,ind2,ind3"
407,15.224601267135508,14,"shrimp1,shrimp2,shrimp3","ind1,ind2,ind3"
408,7.851527915339774,15,"shrimp1,shrimp2,shrimp3","ind1,ind2,ind3"
409,8.266823152629769,15,"shrimp1,shrimp2,shrimp3","ind1,ind2,ind3"
410,20.533800358932833,15,"shrimp1,shrimp2,shrimp3","ind1,ind2,ind3"
411,18.09580512370405,15,"shrimp1,shrimp2,shrimp3","ind1,ind2,ind3"
412,7.8012951201991845,15,"shrimp1,shrimp2,shrimp3","ind1,ind2,ind3"
413,8.293868879823512,15,"shrimp1,shrimp2,shrimp3","ind1,ind2,ind3"
414,6.578063092892993,15,"shrimp1,shrimp2,shrimp3","ind1,ind2,ind3"
415,20.34271581938865,15,"shrimp1,shrimp2,shrimp3","ind1,ind2,ind3"
416,7.950013384996089,15,"shrimp1,shrimp2,shrimp3","ind1,ind2,ind3"
417,21.153853762490108,15,"shrimp1,shrimp2,shrimp3","ind1,ind2,ind3"
418,6.748014307820351,15,"shrimp1,shrimp2,shrimp3","ind1,ind2,ind3"
419,15.982031265656568,14,"shrimp1,shrimp2,shrimp3","ind1,ind2,ind3"
420,6.365202142579352,15,"shrimp1,shrimp2,shrimp3","ind1,ind2,ind3"
421,20.21760515104331,15,"shrimp1,shrimp2,shrimp3","ind1,ind2,ind3"
422,5.988138130760101,15,"shrimp1,shrimp2,shrimp3","ind1,ind2,ind3"
423,20.558739698615558,15,"shrimp1,shrimp2,shrimp3","ind1,ind2,ind3"
424,6.692515530518532,15,"shrimp1,shrimp2,shrimp3","ind1,ind2,ind3"
425,6.314573029151267,15,"shrimp1,shrimp2,shrimp3","ind1,ind2,ind3"
426,7.342741190447476,15,"shrimp1,shrimp2,shrimp3","ind1,ind2,ind3"
427,6.114896085835307,15,"shrimp1,shrimp2,shrimp3","ind1,ind2,ind3"
428,21.299094158162802,15,"shrimp1,shrimp2,shrimp3","ind1,ind2,ind3"
429,6.273737159373635,15,"shrimp1,shrimp2,shrimp3","ind1,ind2,ind3"
430,6.911388382799418,15,"shrimp1,shrimp2,shrimp3","ind1,ind2,ind3"
431,6.48847315603913,15,"shrimp1,shrimp2,shrimp3","ind1,ind2,ind3"
432,18.26747318371512,14,"shrimp1,shrimp2,shrimp3","ind1,ind2,ind3"
433,7.953718266723483,15,"shrimp1,shrimp2,shrimp3","ind1,ind2,ind3"
434,6.040951265955558,15,"shrimp1,shrimp2,shrimp3","ind1,ind2,ind3"
435,6.2335460672151735,15,"shrimp1,shrimp2,shrimp3","ind1,ind2,ind3"
436,20.82477038362813,15,"shrimp1,shrimp2,shrimp3","ind1,ind2,ind3"
437,7.545786848791839,15,"shrimp1,shrimp2,shrimp3","ind1,ind2,ind3"
438,8.034402558782677,15,"shrimp1,shrimp2,shrimp3","ind1,ind2,ind3"
439,7.208266075962248,15,"shrimp1,shrimp2,shrimp3","ind1,ind2,ind3"
440,8.475878990933131,15,"shrimp1,shrimp2,shrimp3","ind1,ind2,ind3"
441,7.678856581091162,15,"shrimp1,shrimp2,shrimp3","ind1,ind2,ind3"
442,8.078762512394123,15,"shrimp1,shrimp2,shrimp3","ind1,ind2,ind3"
443,7.115495986788672,15,"shrimp1,shrimp2,shrimp3","ind1,ind2,ind3"
444,6.413706043389912,15,"shrimp1,shrimp2,shrimp3","ind1,ind2,ind3"
445,34.41540714025585,15,"shrimp1,shrimp2,shrimp3","ind1,ind2,ind3"
446,6.743263644680013,15,"shrimp1,shrimp2,shrimp3","ind1,ind2,ind3"
447,7.171245772132055,15,"shrimp1,shrimp2,shrimp3","ind1,ind2,ind3"
448,5.994657818220204,15,"shrimp1,shrimp2,shrimp3","ind1,ind2,ind3"
449,142.93127904216192,15,"shrimp1,shrimp2,shrimp3","ind1,ind2,ind3"
450,6.386595070633887,15,"shrimp1,shrimp2,shrimp3","ind1,ind2,ind3"
451,6.965106728418473,15,"shrimp1,shrimp2,shrimp3","ind1,ind2,ind3"
452,6.8878257825122535,15,"shrimp1,shrimp2,shrimp3","ind1,ind2,ind3"
453,6.923907883823669,15,"shrimp1,shrimp2,shrimp3","ind1,ind2,ind3"
454,7.048584800696892,15,"shrimp1,shrimp2,shrimp3","ind1,ind2,ind3"
455,6.885888012364018,15,"shrimp1,shrimp2,shrimp3","ind1,ind2,ind3"
456,7.000762408334667,15,"shrimp1,shrimp2,shrimp3","ind1,ind2,ind3"
457,5.54127368210138,15,"shrimp1,shrimp2,shrimp3","ind1,ind2,ind3"
458,21.300948002029607,15,"shrimp1,shrimp2,shrimp3","ind1,ind2,ind3"
459,7.868428883880371,15,"shrimp1,shrimp2,shrimp3","ind1,ind2,ind3"
460,7.733477440449561,15,"shrimp1,shrimp2,shrimp3","ind1,ind2,ind3"
461,7.902251930696489,15,"shrimp1,shrimp2,shrimp3","ind1,ind2,ind3"
462,7.631008142537779,15,"shrimp1,shrimp2,shrimp3","ind1,ind2,ind3"
463,7.774692051287954,15,"shrimp1,shrimp2,shrimp3","ind1,ind2,ind3"
464,5.926569956031756,15,"shrimp1,shrimp2,shrimp3","ind1,ind2,ind3"
465,7.276107544106982,15,"shrimp1,shrimp2,shrimp3","ind1,ind2,ind3"
466,8.465208097526665,15,"shrimp1,shrimp2,shrimp3","ind1,ind2,ind3"
467,7.157591311106499,15,"shrimp1,shrimp2,shrimp3","ind1,ind2,ind3"
468,6.869636916919492,15,"shrimp1,shrimp2,shrimp3","ind1,ind2,ind3"
469,6.686280665966754,15,"shrimp1,shrimp2,shrimp3","ind1,ind2,ind3"
470,6.715182193185649,15,"shrimp1,shrimp2,shrimp3","ind1,ind2,ind3"
471,7.686499227814384,15,"shrimp1,shrimp2,shrimp3","ind1,ind2,ind3"
472,7.6367589000884175,15,"shrimp1,shrimp2,shrimp3","ind1,ind2,ind3"
473,7.1565377358533615,15,"shrimp1,shrimp2,shrimp3","ind1,ind2,ind3"
474,7.7783163688367685,15,"shrimp1,shrimp2,shrimp3","ind1,ind2,ind3"
475,6.7406898764317305,15,"shrimp1,shrimp2,shrimp3","ind1,ind2,ind3"
476,7.035611359164561,15,"shrimp1,shrimp2,shrimp3","ind1,ind2,ind3"
477,6.967044929901326,15,"shrimp1,shrimp2,shrimp3","ind1,ind2,ind3"
478,7.147650947155333,15,"shrimp1,shrimp2,shrimp3","ind1,ind2,ind3"
479,19.352629448125526,15,"shrimp1,shrimp2,shrimp3","ind1,ind2,ind3"
480,8.159029566234674,15,"shrimp1,shrimp2,shrimp3","ind1,ind2,ind3"
481,7.164971633319493,15,"shrimp1,shrimp2,shrimp3","ind1,ind2,ind3"
482,6.6819761240322295,15,"shrimp1,shrimp2,shrimp3","ind1,ind2,ind3"
483,7.677204002968429,15,"shrimp1,shrimp2,shrimp3","ind1,ind2,ind3"
484,6.598283932587862,15,"shrimp1,shrimp2,shrimp3","ind1,ind2,ind3"
485,7.648216823434335,15,"shrimp1,shrimp2,shrimp3","ind1,ind2,ind3"
486,7.9179788681963,15,"shrimp1,shrimp2,shrimp3","ind1,ind2,ind3"
487,7.52605620338364,15,"shrimp1,shrimp2,shrimp3","ind1,ind2,ind3"
488,8.021766401493558,15,"shrimp1,shrimp2,shrimp3","ind1,ind2,ind3"
489,6.949300005843825,15,"shrimp1,shrimp2,shrimp3","ind1,ind2,ind3"
490,7.9104232590247845,10,"shrimp1,shrimp2,shrimp3","ind1,ind2,ind3"
491,7.4442529285006716,10,"shrimp1,shrimp2,shrimp3","ind1,ind2,ind3"
492,7.5308403639864325,10,"shrimp1,shrimp2,shrimp3","ind1,ind2,ind3"
493,8.59014018871374,10,"shrimp1,shrimp2,shrimp3","ind1,ind2,ind3"
494,6.8860732501790896,10,"shrimp1,shrimp2,shrimp3","ind1,ind2,ind3"
495,6.8093452090181374,10,"shrimp1,shrimp2,shrimp3","ind1,ind2,ind3"
496,6.649112080075904,10,"shrimp1,shrimp2,shrimp3","ind1,ind2,ind3"
497,7.8111361108786594,10,"shrimp1,shrimp2,shrimp3","ind1,ind2,ind3"
498,7.178113073497603,10,"shrimp1,shrimp2,shrimp3","ind1,ind2,ind3"
499,6.521144057062112,10,"shrimp1,shrimp2,shrimp3","ind1,ind2,ind3"
500,6.623303741160659,10,"shrimp1,shrimp2,shrimp3","ind1,ind2,ind3"
501,6.803482816571451,10,"shrimp1,shrimp2,shrimp3","ind1,ind2,ind3"
502,10.475815962569042,10,"shrimp1,shrimp2,shrimp3","ind1,ind2,ind3"
503,9.671925584344775,10,"shrimp1,shrimp2,shrimp3","ind1,ind2,ind3"
504,7.831430429406211,10,"shrimp1,shrimp2,shrimp3","ind1,ind2,ind3"
505,6.718218844191126,10,"shrimp1,shrimp2,shrimp3","ind1,ind2,ind3"
506,7.994927734434893,10,"shrimp1,shrimp2,shrimp3","ind1,ind2,ind3"
507,6.479206280723299,10,"shrimp1,shrimp2,shrimp3","ind1,ind2,ind3"
508,5.907879293899299,10,"shrimp1,shrimp2,shrimp3","ind1,ind2,ind3"
509,8.661345008418206,10,"shrimp1,shrimp2,shrimp3","ind1,ind2,ind3"
510,5.597053317508382,10,"shrimp1,shrimp2,shrimp3","ind1,ind2,ind3"
511,6.408756795929307,10,"shrimp1,shrimp2,shrimp3","ind1,ind2,ind3"
512,6.281390228823088,5,"shrimp1,shrimp2,shrimp3","ind1,ind2,ind3"
513,8.322413575391405,5,"shrimp1,shrimp2,shrimp3","ind1,ind2,ind3"
514,7.126809322725947,5,"shrimp1,shrimp2,shrimp3","ind1,ind2,ind3"
515,8.579283258171147,5,"shrimp1,shrimp2,shrimp3","ind1,ind2,ind3"
516,5.475809587405978,5,"shrimp1,shrimp2,shrimp3","ind1,ind2,ind3"
517,6.517794720408721,5,"shrimp1,shrimp2,shrimp3","ind1,ind2,ind3"
518,7.2178210247275185,5,"shrimp1,shrimp2,shrimp3","ind1,ind2,ind3"
519,9.485607900260987,5,"shrimp1,shrimp2,shrimp3","ind1,ind2,ind3"
520,7.647832465516549,5,"shrimp1,shrimp2,shrimp3","ind1,ind2,ind3"
521,7.361093809611544,5,"shrimp1,shrimp2,shrimp3","ind1,ind2,ind3"
522,8.65273131217167,5,"shrimp1,shrimp2,shrimp3","ind1,ind2,ind3"
523,10.10786007026043,5,"shrimp1,shrimp2,shrimp3","ind1,ind2,ind3"
524,7.457896887386118,5,"shrimp1,shrimp2,shrimp3","ind1,ind2,ind3"
525,7.364261999218442,5,"shrimp1,shrimp2,shrimp3","ind1,ind2,ind3"
526,4.642529852241028,5,"shrimp1,shrimp2,shrimp3","ind1,ind2,ind3"
527,5.677011798780493,5,"shrimp1,shrimp2,shrimp3","ind1,ind2,ind3"
528,4.960229586309884,5,"shrimp1,shrimp2,shrimp3","ind1,ind2,ind3"
529,9.508435547521234,5,"shrimp1,shrimp2,shrimp3","ind1,ind2,ind3"
530,4.391777317192236,5,"shrimp1,shrimp2,shrimp3","ind1,ind2,ind3"
531,3.9583277278817675,5,"shrimp1,shrimp2,shrimp3","ind1,ind2,ind3"
532,7.400401662281152,10,"shrimp1,shrimp2,shrimp3","ind1,ind2,ind3"
533,4.95576439554075,10,"shrimp1,shrimp2,shrimp3","ind1,ind2,ind3"
534,6.781735718315575,10,"shrimp1,shrimp2,shrimp3","ind1,ind2,ind3"
535,7.003460322546559,10,"shrimp1,shrimp2,shrimp3","ind1,ind2,ind3"
536,7.020668517031865,10,"shrimp1,shrimp2,shrimp3","ind1,ind2,ind3"
537,25.58316178096727,10,"shrimp1,shrimp2,shrimp3","ind1,ind2,ind3"
538,6.000196962274486,10,"shrimp1,shrimp2,shrimp3","ind1,ind2,ind3"
539,6.375039700889004,10,"shrimp1,shrimp2,shrimp3","ind1,ind2,ind3"
540,6.347748940540976,10,"shrimp1,shrimp2,shrimp3","ind1,ind2,ind3"
541,7.786753511101054,10,"shrimp1,shrimp2,shrimp3","ind1,ind2,ind3"
542,7.113866251753203,10,"shrimp1,shrimp2,shrimp3","ind1,ind2,ind3"
543,7.363359601503946,10,"shrimp1,shrimp2,shrimp3","ind1,ind2,ind3"
544,7.4662541741830974,10,"shrimp1,shrimp2,shrimp3","ind1,ind2,ind3"
545,7.721446136328396,10,"shrimp1,shrimp2,shrimp3","ind1,ind2,ind3"
546,5.369475401202349,10,"shrimp1,shrimp2,shrimp3","ind1,ind2,ind3"
547,7.540166462304529,10,"shrimp1,shrimp2,shrimp3","ind1,ind2,ind3"
548,8.174343978394177,10,"shrimp1,shrimp2,shrimp3","ind1,ind2,ind3"
549,7.175926667797036,10,"shrimp1,shrimp2,shrimp3","ind1,ind2,ind3"
550,5.925950891401895,10,"shrimp1,shrimp2,shrimp3","ind1,ind2,ind3"
551,6.407115254392577,10,"shrimp1,shrimp2,shrimp3","ind1,ind2,ind3"
552,5.982453488659585,10,"shrimp1,shrimp2,shrimp3","ind1,ind2,ind3"
553,8.07417125521791,10,"shrimp1,shrimp2,shrimp3","ind1,ind2,ind3"
554,5.513501858308166,10,"shrimp1,shrimp2,shrimp3","ind1,ind2,ind3"
555,7.107325154289699,10,"shrimp1,shrimp2,shrimp3","ind1,ind2,ind3"
556,7.135119134527865,10,"shrimp1,shrimp2,shrimp3","ind1,ind2,ind3"
557,6.7085887646350475,10,"shrimp1,shrimp2,shrimp3","ind1,ind2,ind3"
558,5.592821808647664,10,"shrimp1,shrimp2,shrimp3","ind1,ind2,ind3"
559,6.2584222596676256,10,"shrimp1,shrimp2,shrimp3","ind1,ind2,ind3"
560,8.63421459542451,10,"shrimp1,shrimp2,shrimp3","ind1,ind2,ind3"
561,8.268846351781795,10,"shrimp1,shrimp2,shrimp3","ind1,ind2,ind3"
562,7.876314619807604,10,"shrimp1,shrimp2,shrimp3","ind1,ind2,ind3"
563,8.120092894693752,10,"shrimp1,shrimp2,shrimp3","ind1,ind2,ind3"
564,7.436593078887741,10,"shrimp1,shrimp2,shrimp3","ind1,ind2,ind3"
565,8.435473871751084,10,"shrimp1,shrimp2,shrimp3","ind1,ind2,ind3"
566,8.352873010336022,10,"shrimp1,shrimp2,shrimp3","ind1,ind2,ind3"
567,6.504603743495724,10,"shrimp1,shrimp2,shrimp3","ind1,ind2,ind3"
568,6.506920199911969,10,"shrimp1,shrimp2,shrimp3","ind1,ind2,ind3"
569,7.550019326225528,10,"shrimp1,shrimp2,shrimp3","ind1,ind2,ind3"
570,8.436786444494064,10,"shrimp1,shrimp2,shrimp3","ind1,ind2,ind3"
571,6.575572286725122,10,"shrimp1,shrimp2,shrimp3","ind1,ind2,ind3"
572,6.74493706910598,10,"shrimp1,shrimp2,shrimp3","ind1,ind2,ind3"
573,6.47711597943302,10,"shrimp1,shrimp2,shrimp3","ind1,ind2,ind3"
574,7.311250129153296,10,"shrimp1,shrimp2,shrimp3","ind1,ind2,ind3"
575,7.039396955642867,10,"shrimp1,shrimp2,shrimp3","ind1,ind2,ind3"
576,7.0069597465640765,10,"shrimp1,shrimp2,shrimp3","ind1,ind2,ind3"
577,6.112891733904109,10,"shrimp1,shrimp2,shrimp3","ind1,ind2,ind3"
578,7.143531836926343,10,"shrimp1,shrimp2,shrimp3","ind1,ind2,ind3"
579,8.268717647809895,10,"shrimp1,shrimp2,shrimp3","ind1,ind2,ind3"
580,7.0162696392726485,10,"shrimp1,shrimp2,shrimp3","ind1,ind2,ind3"
581,7.565379997145861,10,"shrimp1,shrimp2,shrimp3","ind1,ind2,ind3"
582,6.13050974908559,10,"shrimp1,shrimp2,shrimp3","ind1,ind2,ind3"
583,5.878618208483534,10,"shrimp1,shrimp2,shrimp3","ind1,ind2,ind3"
584,7.127015294646396,10,"shrimp1,shrimp2,shrimp3","ind1,ind2,ind3"
585,6.600477640121754,15,"shrimp1,shrimp2,shrimp3","ind1,ind2,ind3"
586,5.60281572177936,15,"shrimp1,shrimp2,shrimp3","ind1,ind2,ind3"
587,7.633717061972941,15,"shrimp1,shrimp2,shrimp3","ind1,ind2,ind3"
588,7.426246671994362,15,"shrimp1,shrimp2,shrimp3","ind1,ind2,ind3"
589,7.967576468208621,15,"shrimp1,shrimp2,shrimp3","ind1,ind2,ind3"
590,6.370217784119655,15,"shrimp1,shrimp2,shrimp3","ind1,ind2,ind3"
591,6.806801159079446,15,"shrimp1,shrimp2,shrimp3","ind1,ind2,ind3"
592,7.298778636071134,15,"shrimp1,shrimp2,shrimp3","ind1,ind2,ind3"
593,6.857489935539417,15,"shrimp1,shrimp2,shrimp3","ind1,ind2,ind3"
594,6.474556819264603,15,"shrimp1,shrimp2,shrimp3","ind1,ind2,ind3"
595,6.689393398993051,15,"shrimp1,shrimp2,shrimp3","ind1,ind2,ind3"
596,6.642336847193328,15,"shrimp1,shrimp2,shrimp3","ind1,ind2,ind3"
597,6.441098083156154,15,"shrimp1,shrimp2,shrimp3","ind1,ind2,ind3"
598,6.5836528984302785,15,"shrimp1,shrimp2,shrimp3","ind1,ind2,ind3"
599,6.170763345080223,15,"shrimp1,shrimp2,shrimp3","ind1,ind2,ind3"
600,5.934579721596233,15,"shrimp1,shrimp2,shrimp3","ind1,ind2,ind3"
601,6.0668169039525734,15,"shrimp1,shrimp2,shrimp3","ind1,ind2,ind3"
602,6.5165675963828456,15,"shrimp1,shrimp2,shrimp3","ind1,ind2,ind3"
603,7.047987827511692,15,"shrimp1,shrimp2,shrimp3","ind1,ind2,ind3"
604,7.9230560974031,15,"shrimp1,shrimp2,shrimp3","ind1,ind2,ind3"
605,8.820810858616062,15,"shrimp1,shrimp2,shrimp3","ind1,ind2,ind3"
606,6.8125278224347765,15,"shrimp1,shrimp2,shrimp3","ind1,ind2,ind3"
607,5.571815102728256,15,"shrimp1,shrimp2,shrimp3","ind1,ind2,ind3"
608,6.244234744007355,15,"shrimp1,shrimp2,shrimp3","ind1,ind2,ind3"
609,7.892778854886374,15,"shrimp1,shrimp2,shrimp3","ind1,ind2,ind3"
610,7.994630685201246,15,"shrimp1,shrimp2,shrimp3","ind1,ind2,ind3"
611,6.365244325347691,15,"shrimp1,shrimp2,shrimp3","ind1,ind2,ind3"
612,7.643529095389246,15,"shrimp1,shrimp2,shrimp3","ind1,ind2,ind3"
613,5.951325344017987,15,"shrimp1,shrimp2,shrimp3","ind1,ind2,ind3"
614,6.263218620766162,15,"shrimp1,shrimp2,shrimp3","ind1,ind2,ind3"
615,7.434666115449341,15,"shrimp1,shrimp2,shrimp3","ind1,ind2,ind3"
616,7.63461881689315,15,"shrimp1,shrimp2,shrimp3","ind1,ind2,ind3"
617,187.62821508214984,15,"shrimp1,shrimp2,shrimp3","ind1,ind2,ind3"
618,7.217989236586286,15,"shrimp1,shrimp2,shrimp3","ind1,ind2,ind3"
619,7.5631716014148225,15,"shrimp1,shrimp2,shrimp3","ind1,ind2,ind3"
620,8.264985082565703,15,"shrimp1,shrimp2,shrimp3","ind1,ind2,ind3"
621,7.829338276028108,15,"shrimp1,shrimp2,shrimp3","ind1,ind2,ind3"
622,8.159482826594022,15,"shrimp1,shrimp2,shrimp3","ind1,ind2,ind3"
623,6.687542928343067,15,"shrimp1,shrimp2,shrimp3","ind1,ind2,ind3"
624,5.820726339885445,15,"shrimp1,shrimp2,shrimp3","ind1,ind2,ind3"
625,5.756203823593381,15,"shrimp1,shrimp2,shrimp3","ind1,ind2,ind3"
626,5.667872070987809,15,"shrimp1,shrimp2,shrimp3","ind1,ind2,ind3"
627,6.798615877701817,15,"shrimp1,shrimp2,shrimp3","ind1,ind2,ind3"
628,6.375082725307134,15,"shrimp1,shrimp2,shrimp3","ind1,ind2,ind3"
629,7.01296317679557,15,"shrimp1,shrimp2,shrimp3","ind1,ind2,ind3"
630,6.868651921430708,15,"shrimp1,shrimp2,shrimp3","ind1,ind2,ind3"
631,7.272180255364662,15,"shrimp1,shrimp2,shrimp3","ind1,ind2,ind3"
632,6.544931852973619,15,"shrimp1,shrimp2,shrimp3","ind1,ind2,ind3"
633,6.056824548671505,15,"shrimp1,shrimp2,shrimp3","ind1,ind2,ind3"
634,6.430853061926863,15,"shrimp1,shrimp2,shrimp3","ind1,ind2,ind3"
635,6.511995240737743,15,"shrimp1,shrimp2,shrimp3","ind1,ind2,ind3"
636,6.151766961761454,15,"shrimp1,shrimp2,shrimp3","ind1,ind2,ind3"
637,5.354548175614866,15,"shrimp1,shrimp2,shrimp3","ind1,ind2,ind3"
638,6.687548181005758,15,"shrimp1,shrimp2,shrimp3","ind1,ind2,ind3"
639,7.204882055801682,15,"shrimp1,shrimp2,shrimp3","ind1,ind2,ind3"
640,6.981163494891962,15,"shrimp1,shrimp2,shrimp3","ind1,ind2,ind3"
641,7.733276480572943,15,"shrimp1,shrimp2,shrimp3","ind1,ind2,ind3"
642,6.869138855729447,15,"shrimp1,shrimp2,shrimp3","ind1,ind2,ind3"
643,7.180745250196365,15,"shrimp1,shrimp2,shrimp3","ind1,ind2,ind3"
644,6.55312442983389,15,"shrimp1,shrimp2,shrimp3","ind1,ind2,ind3"
645,7.805280850065982,15,"shrimp1,shrimp2,shrimp3","ind1,ind2,ind3"
646,7.962871260736204,15,"shrimp1,shrimp2,shrimp3","ind1,ind2,ind3"
647,8.039258701279522,15,"shrimp1,shrimp2,shrimp3","ind1,ind2,ind3"
648,6.803293098494157,15,"shrimp1,shrimp2,shrimp3","ind1,ind2,ind3"
649,9.788913902116642,14,"shrimp1,shrimp2,shrimp3","ind1,ind2,ind3"
650,6.266942036109859,15,"shrimp1,shrimp2,shrimp3","ind1,ind2,ind3"
651,6.963329121428722,15,"shrimp1,shrimp2,shrimp3","ind1,ind2,ind3"
652,6.849088950396385,15,"shrimp1,shrimp2,shrimp3","ind1,ind2,ind3"
653,6.621178457332167,15,"shrimp1,shrimp2,shrimp3","ind1,ind2,ind3"
654,7.09085112479916,15,"shrimp1,shrimp2,shrimp3","ind1,ind2,ind3"
655,7.609267844546115,15,"shrimp1,shrimp2,shrimp3","ind1,ind2,ind3"
656,7.017358701249877,15,"shrimp1,shrimp2,shrimp3","ind1,ind2,ind3"
657,6.715188148772858,15,"shrimp1,shrimp2,shrimp3","ind1,ind2,ind3"
658,7.605067015206617,15,"shrimp1,shrimp2,shrimp3","ind1,ind2,ind3"
659,6.08295930875874,10,"shrimp1,shrimp2,shrimp3","ind1,ind2,ind3"
660,6.033114149364163,15,"shrimp1,shrimp2,shrimp3","ind1,ind2,ind3"
661,7.442897447740632,15,"shrimp1,shrimp2,shrimp3","ind1,ind2,ind3"
662,7.121764038039831,15,"shrimp1,shrimp2,shrimp3","ind1,ind2,ind3"
663,7.4034646776358155,15,"shrimp1,shrimp2,shrimp3","ind1,ind2,ind3"
664,7.149015237111266,15,"shrimp1,shrimp2,shrimp3","ind1,ind2,ind3"
665,7.843408641010532,15,"shrimp1,shrimp2,shrimp3","ind1,ind2,ind3"
666,5.997840764537123,15,"shrimp1,shrimp2,shrimp3","ind1,ind2,ind3"
667,6.881006690588221,10,"shrimp1,shrimp2,shrimp3","ind1,ind2,ind3"
668,7.594186191704945,15,"shrimp1,shrimp2,shrimp3","ind1,ind2,ind3"
669,7.503908657191152,10,"shrimp1,shrimp2,shrimp3","ind1,ind2,ind3"
670,6.9526962946969855,15,"shrimp1,shrimp2,shrimp3","ind1,ind2,ind3"
671,7.684878348170036,10,"shrimp1,shrimp2,shrimp3","ind1,ind2,ind3"
672,7.503141259141183,15,"shrimp1,shrimp2,shrimp3","ind1,ind2,ind3"
673,7.0869697236041524,15,"shrimp1,shrimp2,shrimp3","ind1,ind2,ind3"
674,6.702535350645181,15,"shrimp1,shrimp2,shrimp3","ind1,ind2,ind3"
675,7.1932182734440335,10,"shrimp1,shrimp2,shrimp3","ind1,ind2,ind3"
676,7.766500721232565,15,"shrimp1,shrimp2,shrimp3","ind1,ind2,ind3"
677,7.863021642251223,15,"shrimp1,shrimp2,shrimp3","ind1,ind2,ind3"
678,6.8297373918147155,15,"shrimp1,shrimp2,shrimp3","ind1,ind2,ind3"
679,144.20865061045131,15,"shrimp1,shrimp2,shrimp3","ind1,ind2,ind3"
680,17.7112546779021,15,"shrimp1,shrimp2,shrimp3","ind1,ind2,ind3"
681,7.603354534808738,15,"shrimp1,shrimp2,shrimp3","ind1,ind2,ind3"
682,18.739636221790118,15,"shrimp1,shrimp2,shrimp3","ind1,ind2,ind3"
683,6.5699640175187755,15,"shrimp1,shrimp2,shrimp3","ind1,ind2,ind3"
684,7.010644089442251,15,"shrimp1,shrimp2,shrimp3","ind1,ind2,ind3"
685,7.035134172965739,15,"shrimp1,shrimp2,shrimp3","ind1,ind2,ind3"
686,6.859747212606882,15,"shrimp1,shrimp2,shrimp3","ind1,ind2,ind3"
687,6.063315570389507,10,"shrimp1,shrimp2,shrimp3","ind1,ind2,ind3"
688,6.827333905158457,15,"shrimp1,shrimp2,shrimp3","ind1,ind2,ind3"
689,5.929793537521351,15,"shrimp1,shrimp2,shrimp3","ind1,ind2,ind3"
690,7.5194063589986495,15,"shrimp1,shrimp2,shrimp3","ind1,ind2,ind3"
691,6.543371506090355,10,"shrimp1,shrimp2,shrimp3","ind1,ind2,ind3"
692,29.10900993325294,15,"shrimp1,shrimp2,shrimp3","ind1,ind2,ind3"
693,6.909322694557963,15,"shrimp1,shrimp2,shrimp3","ind1,ind2,ind3"
694,7.2017402489447555,15,"shrimp1,shrimp2,shrimp3","ind1,ind2,ind3"
695,6.990094201410192,10,"shrimp1,shrimp2,shrimp3","ind1,ind2,ind3"
696,7.150028189711821,10,"shrimp1,shrimp2,shrimp3","ind1,ind2,ind3"
697,6.789640340045997,10,"shrimp1,shrimp2,shrimp3","ind1,ind2,ind3"
698,5.220886928281261,15,"shrimp1,shrimp2,shrimp3","ind1,ind2,ind3"
699,8.095941441598733,15,"shrimp1,shrimp2,shrimp3","ind1,ind2,ind3"
700,9.237882787220999,15,"shrimp1,shrimp2,shrimp3","ind1,ind2,ind3"
701,8.48405702683042,15,"shrimp1,shrimp2,shrimp3","ind1,ind2,ind3"
702,6.419455074008296,15,"shrimp1,shrimp2,shrimp3","ind1,ind2,ind3"
703,6.225778083641952,15,"shrimp1,shrimp2,shrimp3","ind1,ind2,ind3"
704,7.345941282147205,15,"shrimp1,shrimp2,shrimp3","ind1,ind2,ind3"
705,7.92541462480123,15,"shrimp1,shrimp2,shrimp3","ind1,ind2,ind3"
706,7.547662501786425,15,"shrimp1,shrimp2,shrimp3","ind1,ind2,ind3"
707,7.293950248973183,15,"shrimp1,shrimp2,shrimp3","ind1,ind2,ind3"
708,7.60688473100072,15,"shrimp1,shrimp2,shrimp3","ind1,ind2,ind3"
709,18.430853604277626,13,"shrimp1,shrimp2,shrimp3","ind1,ind2,ind3"
710,7.370557839532217,15,"shrimp1,shrimp2,shrimp3","ind1,ind2,ind3"
711,19.652640948080844,13,"shrimp1,shrimp2,shrimp3","ind1,ind2,ind3"
712,7.809614486845172,10,"shrimp1,shrimp2,shrimp3","ind1,ind2,ind3"
713,12.361014070107718,10,"shrimp1,shrimp2,shrimp3","ind1,ind2,ind3"
714,7.169550466128635,10,"shrimp1,shrimp2,shrimp3","ind1,ind2,ind3"
715,7.319412750878447,10,"shrimp1,shrimp2,shrimp3","ind1,ind2,ind3"
716,6.185643054981053,10,"shrimp1,shrimp2,shrimp3","ind1,ind2,ind3"
717,7.435042557756773,10,"shrimp1,shrimp2,shrimp3","ind1,ind2,ind3"
718,8.41405458316296,10,"shrimp1,shrimp2,shrimp3","ind1,ind2,ind3"
719,7.11863994522321,10,"shrimp1,shrimp2,shrimp3","ind1,ind2,ind3"
720,5.7855329911231275,10,"shrimp1,shrimp2,shrimp3","ind1,ind2,ind3"
721,174.6611446548015,15,"shrimp1,shrimp2,shrimp3","ind1,ind2,ind3"
722,7.297321835743597,15,"shrimp1,shrimp2,shrimp3","ind1,ind2,ind3"
723,7.0975914135518785,15,"shrimp1,shrimp2,shrimp3","ind1,ind2,ind3"
724,7.595678314195415,15,"shrimp1,shrimp2,shrimp3","ind1,ind2,ind3"
725,9.196085043596478,15,"shrimp1,shrimp2,shrimp3","ind1,ind2,ind3"
726,10.751941492750152,13,"shrimp1,shrimp2,shrimp3","ind1,ind2,ind3"
727,5.97339139486004,10,"shrimp1,shrimp2,shrimp3","ind1,ind2,ind3"
728,16.94921800823714,13,"shrimp1,shrimp2,shrimp3","ind1,ind2,ind3"
729,8.558492690739829,15,"shrimp1,shrimp2,shrimp3","ind1,ind2,ind3"
730,7.7512909017033715,15,"shrimp1,shrimp2,shrimp3","ind1,ind2,ind3"
731,19.198401340018172,15,"shrimp1,shrimp2,shrimp3","ind1,ind2,ind3"
732,18.391617861377373,15,"shrimp1,shrimp2,shrimp3","ind1,ind2,ind3"
733,17.375984777002955,15,"shrimp1,shrimp2,shrimp3","ind1,ind2,ind3"
734,6.814812933152908,15,"shrimp1,shrimp2,shrimp3","ind1,ind2,ind3"
735,18.60591498759558,13,"shrimp1,shrimp2,shrimp3","ind1,ind2,ind3"
736,7.65924667144266,13,"shrimp1,shrimp2,shrimp3","ind1,ind2,ind3"
737,6.071331306974475,10,"shrimp1,shrimp2,shrimp3","ind1,ind2,ind3"
738,7.087586002149257,10,"shrimp1,shrimp2,shrimp3","ind1,ind2,ind3"
739,6.912531222118291,10,"shrimp1,shrimp2,shrimp3","ind1,ind2,ind3"
740,6.784640474411873,10,"shrimp1,shrimp2,shrimp3","ind1,ind2,ind3"
741,6.922379016186656,10,"shrimp1,shrimp2,shrimp3","ind1,ind2,ind3"
742,6.369908060419037,13,"shrimp1,shrimp2,shrimp3","ind1,ind2,ind3"
743,7.448005956985598,13,"shrimp1,shrimp2,shrimp3","ind1,ind2,ind3"
744,13.567402873883765,10,"shrimp1,shrimp2,shrimp3","ind1,ind2,ind3"
745,8.488746496377674,10,"shrimp1,shrimp2,shrimp3","ind1,ind2,ind3"
746,6.937795553118589,10,"shrimp1,shrimp2,shrimp3","ind1,ind2,ind3"
747,6.868357818190878,10,"shrimp1,shrimp2,shrimp3","ind1,ind2,ind3"
748,80.18514652175998,10,"shrimp1,shrimp2,shrimp3","ind1,ind2,ind3"
749,5.986360843008819,10,"shrimp1,shrimp2,shrimp3","ind1,ind2,ind3"
750,9.646731352528395,9,"shrimp1,shrimp2,shrimp3","ind1,ind2,ind3"
751,8.406931407552268,10,"shrimp1,shrimp2,shrimp3","ind1,ind2,ind3"
752,17.90799117176649,10,"shrimp1,shrimp2,shrimp3","ind1,ind2,ind3"
753,7.544578062818762,10,"shrimp1,shrimp2,shrimp3","ind1,ind2,ind3"
754,5.698179006918183,10,"shrimp1,shrimp2,shrimp3","ind1,ind2,ind3"
755,6.8716880410208905,10,"shrimp1,shrimp2,shrimp3","ind1,ind2,ind3"
756,11.503666123076375,8,"shrimp1,shrimp2,shrimp3","ind1,ind2,ind3"
757,10.185047151119798,5,"shrimp1,shrimp2,shrimp3","ind1,ind2,ind3"
758,5.0757151124221584,5,"shrimp1,shrimp2,shrimp3","ind1,ind2,ind3"
759,6.894220397270797,5,"shrimp1,shrimp2,shrimp3","ind1,ind2,ind3"
760,9.673430087794648,5,"shrimp1,shrimp2,shrimp3","ind1,ind2,ind3"
761,7.7084102297487265,5,"shrimp1,shrimp2,shrimp3","ind1,ind2,ind3"
762,8.425043962033552,5,"shrimp1,shrimp2,shrimp3","ind1,ind2,ind3"
763,7.488094852735749,5,"shrimp1,shrimp2,shrimp3","ind1,ind2,ind3"
764,8.627299673422375,5,"shrimp1,shrimp2,shrimp3","ind1,ind2,ind3"
765,8.270109543158366,5,"shrimp1,shrimp2,shrimp3","ind1,ind2,ind3"
766,7.1140443523762915,5,"shrimp1,shrimp2,shrimp3","ind1,ind2,ind3"
767,6.697411199048153,5,"shrimp1,shrimp2,shrimp3","ind1,ind2,ind3"
768,8.480132747292364,5,"shrimp1,shrimp2,shrimp3","ind1,ind2,ind3"
769,7.078265144420454,5,"shrimp1,shrimp2,shrimp3","ind1,ind2,ind3"
770,5.687997669093844,5,"shrimp1,shrimp2,shrimp3","ind1,ind2,ind3"
771,5.047726408062843,5,"shrimp1,shrimp2,shrimp3","ind1,ind2,ind3"
772,6.004822662677197,5,"shrimp1,shrimp2,shrimp3","ind1,ind2,ind3"
773,6.081426125632243,5,"shrimp1,shrimp2,shrimp3","ind1,ind2,ind3"
774,6.644421499426784,5,"shrimp1,shrimp2,shrimp3","ind1,ind2,ind3"
775,8.191742204451932,5,"shrimp1,shrimp2,shrimp3","ind1,ind2,ind3"
776,7.466611881486775,5,"shrimp1,shrimp2,shrimp3","ind1,ind2,ind3"
777,7.547754030462587,5,"shrimp1,shrimp2,shrimp3","ind1,ind2,ind3"
778,7.583790426827972,5,"shrimp1,shrimp2,shrimp3","ind1,ind2,ind3"
779,40.416350320680216,5,"shrimp1,shrimp2,shrimp3","ind1,ind2,ind3"
780,7.713694649816437,5,"shrimp1,shrimp2,shrimp3","ind1,ind2,ind3"
781,5.921911048863435,10,"shrimp1,shrimp2,shrimp3","ind1,ind2,ind3"
782,6.131129307906432,15,"shrimp1,shrimp2,shrimp3","ind1,ind2,ind3"
783,8.362874211071242,15,"shrimp1,shrimp2,shrimp3","ind1,ind2,ind3"
784,6.417229552346702,15,"shrimp1,shrimp2,shrimp3","ind1,ind2,ind3"
785,19.606747522358287,13,"shrimp1,shrimp2,shrimp3","ind1,ind2,ind3"
786,34.33183216668423,13,"shrimp1,shrimp2,shrimp3","ind1,ind2,ind3"
787,6.730574666593034,15,"shrimp1,shrimp2,shrimp3","ind1,ind2,ind3"
788,51.60654113292936,15,"shrimp1,shrimp2,shrimp3","ind1,ind2,ind3"
789,6.133765179498244,15,"shrimp1,shrimp2,shrimp3","ind1,ind2,ind3"
790,14.003102366083377,14,"shrimp1,shrimp2,shrimp3","ind1,ind2,ind3"
791,18.157722121242593,14,"shrimp1,shrimp2,shrimp3","ind1,ind2,ind3"
792,16.79883918675117,15,"shrimp1,shrimp2,shrimp3","ind1,ind2,ind3"
793,6.593423612321104,14,"shrimp1,shrimp2,shrimp3","ind1,ind2,ind3"
794,5.783813912116121,13,"shrimp1,shrimp2,shrimp3","ind1,ind2,ind3"
795,8.061591607668017,14,"shrimp1,shrimp2,shrimp3","ind1,ind2,ind3"
796,6.827393119501702,15,"shrimp1,shrimp2,shrimp3","ind1,ind2,ind3"
797,5.069586331200101,15,"shrimp1,shrimp2,shrimp3","ind1,ind2,ind3"
798,17.82351059479423,15,"shrimp1,shrimp2,shrimp3","ind1,ind2,ind3"
799,6.905892462498103,14,"shrimp1,shrimp2,shrimp3","ind1,ind2,ind3"
800,7.11488325390628,10,"shrimp1,shrimp2,shrimp3","ind1,ind2,ind3"
801,6.414091957542469,10,"shrimp1,shrimp2,shrimp3","ind1,ind2,ind3"
802,6.489664476027315,10,"shrimp1,shrimp2,shrimp3","ind1,ind2,ind3"
803,6.962199055240315,10,"shrimp1,shrimp2,shrimp3","ind1,ind2,ind3"
804,21.403658462330085,13,"shrimp1,shrimp2,shrimp3","ind1,ind2,ind3"
805,23.44958094952032,8,"shrimp1,shrimp2,shrimp3","ind1,ind2,ind3"
806,198.99469988365865,13,"shrimp1,shrimp2,shrimp3","ind1,ind2,ind3"
807,17.797338577683078,8,"shrimp1,shrimp2,shrimp3","ind1,ind2,ind3"
808,6.442514843272306,10,"shrimp1,shrimp2,shrimp3","ind1,ind2,ind3"
809,15.768023614453487,8,"shrimp1,shrimp2,shrimp3","ind1,ind2,ind3"
810,9.586262481636046,10,"shrimp1,shrimp2,shrimp3","ind1,ind2,ind3"
811,8.903180175332967,10,"shrimp1,shrimp2,shrimp3","ind1,ind2,ind3"
812,6.349360432470378,10,"shrimp1,shrimp2,shrimp3","ind1,ind2,ind3"
813,5.312394386065584,10,"shrimp1,shrimp2,shrimp3","ind1,ind2,ind3"
814,6.0618809226527155,10,"shrimp1,shrimp2,shrimp3","ind1,ind2,ind3"
815,6.474930768526635,10,"shrimp1,shrimp2,shrimp3","ind1,ind2,ind3"
816,5.9081993292866395,10,"shrimp1,shrimp2,shrimp3","ind1,ind2,ind3"
817,6.371148488954367,10,"shrimp1,shrimp2,shrimp3","ind1,ind2,ind3"
818,22.25856882582545,10,"shrimp1,shrimp2,shrimp3","ind1,ind2,ind3"
819,5.8730147764828065,10,"shrimp1,shrimp2,shrimp3","ind1,ind2,ind3"
820,10.27132160029092,10,"shrimp1,shrimp2,shrimp3","ind1,ind2,ind3"
821,6.545273187008263,10,"shrimp1,shrimp2,shrimp3","ind1,ind2,ind3"
822,7.22600007905986,10,"shrimp1,shrimp2,shrimp3","ind1,ind2,ind3"
823,24.020310232814875,10,"shrimp1,shrimp2,shrimp3","ind1,ind2,ind3"
824,140.4013773123578,13,"shrimp1,shrimp2,shrimp3","ind1,ind2,ind3"
825,22.497095673639038,10,"shrimp1,shrimp2,shrimp3","ind1,ind2,ind3"
826,13.497813128211192,14,"shrimp1,shrimp2,shrimp3","ind1,ind2,ind3"
827,75.9604937690356,10,"shrimp1,shrimp2,shrimp3","ind1,ind2,ind3"
828,138.44572216788396,13,"shrimp1,shrimp2,shrimp3","ind1,ind2,ind3"
829,33.88058824275243,13,"shrimp1,shrimp2,shrimp3","ind1,ind2,ind3"
830,11.85140519292374,15,"shrimp1,shrimp2,shrimp3","ind1,ind2,ind3"
831,21.301833335405004,13,"shrimp1,shrimp2,shrimp3","ind1,ind2,ind3"
832,170.55732781701695,15,"shrimp1,shrimp2,shrimp3","ind1,ind2,ind3"
833,6.404725225036106,15,"shrimp1,shrimp2,shrimp3","ind1,ind2,ind3"
834,5.147511089835669,15,"shrimp1,shrimp2,shrimp3","ind1,ind2,ind3"
835,5.63056387412353,15,"shrimp1,shrimp2,shrimp3","ind1,ind2,ind3"
836,51.6139492809531,15,"shrimp1,shrimp2,shrimp3","ind1,ind2,ind3"
837,5.873474226619565,15,"shrimp1,shrimp2,shrimp3","ind1,ind2,ind3"
838,20.037846614265195,15,"shrimp1,shrimp2,shrimp3","ind1,ind2,ind3"
839,10.27232437541775,15,"shrimp1,shrimp2,shrimp3","ind1,ind2,ind3"
840,73.57438266922851,10,"shrimp1,shrimp2,shrimp3","ind1,ind2,ind3"
841,6.740937237091417,10,"shrimp1,shrimp2,shrimp3","ind1,ind2,ind3"
842,5.750574641856415,10,"shrimp1,shrimp2,shrimp3","ind1,ind2,ind3"
843,5.9459158159920955,10,"shrimp1,shrimp2,shrimp3","ind1,ind2,ind3"
844,15.847744258833075,8,"shrimp1,shrimp2,shrimp3","ind1,ind2,ind3"
845,7.341290648448833,10,"shrimp1,shrimp2,shrimp3","ind1,ind2,ind3"
846,7.236320552958671,10,"shrimp1,shrimp2,shrimp3","ind1,ind2,ind3"
847,6.414183063826125,10,"shrimp1,shrimp2,shrimp3","ind1,ind2,ind3"
848,6.921320876968821,10,"shrimp1,shrimp2,shrimp3","ind1,ind2,ind3"
849,6.522159450838019,9,"shrimp1,shrimp2,shrimp3","ind1,ind2,ind3"
850,6.91369034939691,10,"shrimp1,shrimp2,shrimp3","ind1,ind2,ind3"
851,7.633062869214093,10,"shrimp1,shrimp2,shrimp3","ind1,ind2,ind3"
852,9.003437932984523,10,"shrimp1,shrimp2,shrimp3","ind1,ind2,ind3"
853,23.981193927824666,10,"shrimp1,shrimp2,shrimp3","ind1,ind2,ind3"
854,6.482154045833805,5,"shrimp1,shrimp2,shrimp3","ind1,ind2,ind3"
855,6.391409690517831,5,"shrimp1,shrimp2,shrimp3","ind1,ind2,ind3"
856,8.245376256036357,5,"shrimp1,shrimp2,shrimp3","ind1,ind2,ind3"
857,9.146421949821429,5,"shrimp1,shrimp2,shrimp3","ind1,ind2,ind3"
858,8.535138176125239,5,"shrimp1,shrimp2,shrimp3","ind1,ind2,ind3"
859,7.191117412803597,5,"shrimp1,shrimp2,shrimp3","ind1,ind2,ind3"
860,8.493273453982326,5,"shrimp1,shrimp2,shrimp3","ind1,ind2,ind3"
861,6.406957470683446,5,"shrimp1,shrimp2,shrimp3","ind1,ind2,ind3"
862,8.64344590561366,5,"shrimp1,shrimp2,shrimp3","ind1,ind2,ind3"
863,8.789710817358204,5,"shrimp1,shrimp2,shrimp3","ind1,ind2,ind3"
864,8.524571880665132,5,"shrimp1,shrimp2,shrimp3","ind1,ind2,ind3"
865,8.655933661876263,5,"shrimp1,shrimp2,shrimp3","ind1,ind2,ind3"
866,12.19647712099765,5,"shrimp1,shrimp2,shrimp3","ind1,ind2,ind3"
867,8.325511087474592,5,"shrimp1,shrimp2,shrimp3","ind1,ind2,ind3"
868,8.29951370733944,5,"shrimp1,shrimp2,shrimp3","ind1,ind2,ind3"
869,7.0442710357383636,5,"shrimp1,shrimp2,shrimp3","ind1,ind2,ind3"
870,9.251029037747134,5,"shrimp1,shrimp2,shrimp3","ind1,ind2,ind3"
871,6.701599613513759,5,"shrimp1,shrimp2,shrimp3","ind1,ind2,ind3"
872,8.23865660428468,5,"shrimp1,shrimp2,shrimp3","ind1,ind2,ind3"
873,8.068983534119157,5,"shrimp1,shrimp2,shrimp3","ind1,ind2,ind3"
874,8.814310378534891,5,"shrimp1,shrimp2,shrimp3","ind1,ind2,ind3"
875,6.537882250921038,5,"shrimp1,shrimp2,shrimp3","ind1,ind2,ind3"
876,8.232084007524438,5,"shrimp1,shrimp2,shrimp3","ind1,ind2,ind3"
877,8.688048454844292,5,"shrimp1,shrimp2,shrimp3","ind1,ind2,ind3"
878,8.217420929977944,5,"shrimp1,shrimp2,shrimp3","ind1,ind2,ind3"
879,38.84406467246202,5,"shrimp1,shrimp2,shrimp3","ind1,ind2,ind3"
880,8.521919606167211,10,"shrimp1,shrimp2,shrimp3","ind1,ind2,ind3"
881,8.9220955046362,8,"shrimp1,shrimp2,shrimp3","ind1,ind2,ind3"
882,5.94237032941019,5,"shrimp1,shrimp2,shrimp3","ind1,ind2,ind3"
883,7.531097416154101,10,"shrimp1,shrimp2,shrimp3","ind1,ind2,ind3"
884,6.7521686790191335,10,"shrimp1,shrimp2,shrimp3","ind1,ind2,ind3"
885,9.645574441574121,10,"shrimp1,shrimp2,shrimp3","ind1,ind2,ind3"
886,24.80749909874006,10,"shrimp1,shrimp2,shrimp3","ind1,ind2,ind3"
887,8.795008076129587,10,"shrimp1,shrimp2,shrimp3","ind1,ind2,ind3"
888,8.59335111136527,10,"shrimp1,shrimp2,shrimp3","ind1,ind2,ind3"
889,9.921002681991398,10,"shrimp1,shrimp2,shrimp3","ind1,ind2,ind3"
890,24.909983075150254,10,"shrimp1,shrimp2,shrimp3","ind1,ind2,ind3"
891,8.391127821534583,10,"shrimp1,shrimp2,shrimp3","ind1,ind2,ind3"
892,23.81715857836441,10,"shrimp1,shrimp2,shrimp3","ind1,ind2,ind3"
893,7.149944027102552,10,"shrimp1,shrimp2,shrimp3","ind1,ind2,ind3"
894,24.765911194348945,10,"shrimp1,shrimp2,shrimp3","ind1,ind2,ind3"
895,24.9440454530645,10,"shrimp1,shrimp2,shrimp3","ind1,ind2,ind3"
896,79.77854950296948,15,"shrimp1,shrimp2,shrimp3","ind1,ind2,ind3"
897,17.927041830877233,15,"shrimp1,shrimp2,shrimp3","ind1,ind2,ind3"
898,22.147865865627047,15,"shrimp1,shrimp2,shrimp3","ind1,ind2,ind3"
899,12.553803073299486,14,"shrimp1,shrimp2,shrimp3","ind1,ind2,ind3"
900,7.679754181108579,15,"shrimp1,shrimp2,shrimp3","ind1,ind2,ind3"
901,7.422864049186817,15,"shrimp1,shrimp2,shrimp3","ind1,ind2,ind3"
902,7.205762642741074,15,"shrimp1,shrimp2,shrimp3","ind1,ind2,ind3"
903,6.669973256814852,13,"shrimp1,shrimp2,shrimp3","ind1,ind2,ind3"
904,8.40517909694284,15,"shrimp1,shrimp2,shrimp3","ind1,ind2,ind3"
905,8.611538426256256,15,"shrimp1,shrimp2,shrimp3","ind1,ind2,ind3"
906,8.324102002209774,15,"shrimp1,shrimp2,shrimp3","ind1,ind2,ind3"
907,7.8025582647824665,15,"shrimp1,shrimp2,shrimp3","ind1,ind2,ind3"
908,8.322999904080246,15,"shrimp1,shrimp2,shrimp3","ind1,ind2,ind3"
909,8.528742464142185,15,"shrimp1,shrimp2,shrimp3","ind1,ind2,ind3"
910,8.658857983607861,15,"shrimp1,shrimp2,shrimp3","ind1,ind2,ind3"
911,9.0342173159902,13,"shrimp1,shrimp2,shrimp3","ind1,ind2,ind3"
912,7.839005283698723,15,"shrimp1,shrimp2,shrimp3","ind1,ind2,ind3"
913,8.195168070449316,15,"shrimp1,shrimp2,shrimp3","ind1,ind2,ind3"
914,7.514122856902443,15,"shrimp1,shrimp2,shrimp3","ind1,ind2,ind3"
915,190.11131795453693,15,"shrimp1,shrimp2,shrimp3","ind1,ind2,ind3"
916,7.930154818183363,15,"shrimp1,shrimp2,shrimp3","ind1,ind2,ind3"
917,19.69068319008036,9,"shrimp1,shrimp2,shrimp3","ind1,ind2,ind3"
918,119.58956765643228,13,"shrimp1,shrimp2,shrimp3","ind1,ind2,ind3"
919,7.786281740891067,15,"shrimp1,shrimp2,shrimp3","ind1,ind2,ind3"
920,7.779043909020615,10,"shrimp1,shrimp2,shrimp3","ind1,ind2,ind3"
921,9.053763583819379,10,"shrimp1,shrimp2,shrimp3","ind1,ind2,ind3"
922,7.554432140504791,10,"shrimp1,shrimp2,shrimp3","ind1,ind2,ind3"
923,8.914264619042457,10,"shrimp1,shrimp2,shrimp3","ind1,ind2,ind3"
924,8.803187233037978,10,"shrimp1,shrimp2,shrimp3","ind1,ind2,ind3"
925,9.075412669517068,10,"shrimp1,shrimp2,shrimp3","ind1,ind2,ind3"
926,23.909981611151228,10,"shrimp1,shrimp2,shrimp3","ind1,ind2,ind3"
927,7.442000814459294,10,"shrimp1,shrimp2,shrimp3","ind1,ind2,ind3"
928,8.118630200168388,10,"shrimp1,shrimp2,shrimp3","ind1,ind2,ind3"
929,8.460553634612168,10,"shrimp1,shrimp2,shrimp3","ind1,ind2,ind3"
930,23.753555817202045,10,"shrimp1,shrimp2,shrimp3","ind1,ind2,ind3"
931,22.70542317812994,10,"shrimp1,shrimp2,shrimp3","ind1,ind2,ind3"
932,8.249641576571877,10,"shrimp1,shrimp2,shrimp3","ind1,ind2,ind3"
933,6.762747494787777,10,"shrimp1,shrimp2,shrimp3","ind1,ind2,ind3"
934,8.84450576930298,10,"shrimp1,shrimp2,shrimp3","ind1,ind2,ind3"
935,10.125561076504287,10,"shrimp1,shrimp2,shrimp3","ind1,ind2,ind3"
936,8.353405615915017,10,"shrimp1,shrimp2,shrimp3","ind1,ind2,ind3"
937,7.411855564541026,10,"shrimp1,shrimp2,shrimp3","ind1,ind2,ind3"
938,8.221592855465982,10,"shrimp1,shrimp2,shrimp3","ind1,ind2,ind3"
939,9.603533316135419,10,"shrimp1,shrimp2,shrimp3","ind1,ind2,ind3"
940,131.80842449176262,10,"shrimp1,shrimp2,shrimp3","ind1,ind2,ind3"
941,8.082494944716577,10,"shrimp1,shrimp2,shrimp3","ind1,ind2,ind3"
942,7.6178396156632955,10,"shrimp1,shrimp2,shrimp3","ind1,ind2,ind3"
943,22.973312808472254,10,"shrimp1,shrimp2,shrimp3","ind1,ind2,ind3"
944,8.194211198299504,10,"shrimp1,shrimp2,shrimp3","ind1,ind2,ind3"
945,8.099451216021071,10,"shrimp1,shrimp2,shrimp3","ind1,ind2,ind3"
946,7.878555514374995,10,"shrimp1,shrimp2,shrimp3","ind1,ind2,ind3"
947,12.08564226335125,10,"shrimp1,shrimp2,shrimp3","ind1,ind2,ind3"
948,9.835439984454826,10,"shrimp1,shrimp2,shrimp3","ind1,ind2,ind3"
949,8.643475677550265,10,"shrimp1,shrimp2,shrimp3","ind1,ind2,ind3"
950,8.249657865741472,10,"shrimp1,shrimp2,shrimp3","ind1,ind2,ind3"
951,8.366394957151508,10,"shrimp1,shrimp2,shrimp3","ind1,ind2,ind3"
952,23.361493671785603,13,"shrimp1,shrimp2,shrimp3","ind1,ind2,ind3"
953,6.642332158034684,10,"shrimp1,shrimp2,shrimp3","ind1,ind2,ind3"
954,7.775533232961768,15,"shrimp1,shrimp2,shrimp3","ind1,ind2,ind3"
955,8.13188491136653,10,"shrimp1,shrimp2,shrimp3","ind1,ind2,ind3"
956,8.394381385773729,10,"shrimp1,shrimp2,shrimp3","ind1,ind2,ind3"
957,23.18941611888256,10,"shrimp1,shrimp2,shrimp3","ind1,ind2,ind3"
958,8.16031757325975,10,"shrimp1,shrimp2,shrimp3","ind1,ind2,ind3"
959,8.59973903880098,10,"shrimp1,shrimp2,shrimp3","ind1,ind2,ind3"
960,6.811051162598867,10,"shrimp1,shrimp2,shrimp3","ind1,ind2,ind3"
961,9.479593829800901,10,"shrimp1,shrimp2,shrimp3","ind1,ind2,ind3"
962,8.23328442242103,10,"shrimp1,shrimp2,shrimp3","ind1,ind2,ind3"
963,8.973637977532332,10,"shrimp1,shrimp2,shrimp3","ind1,ind2,ind3"
964,6.773306396862725,10,"shrimp1,shrimp2,shrimp3","ind1,ind2,ind3"
965,11.337474855493472,10,"shrimp1,shrimp2,shrimp3","ind1,ind2,ind3"
966,22.40209148559258,13,"shrimp1,shrimp2,shrimp3","ind1,ind2,ind3"
967,11.78265359283855,15,"shrimp1,shrimp2,shrimp3","ind1,ind2,ind3"
968,8.060728226168731,10,"shrimp1,shrimp2,shrimp3","ind1,ind2,ind3"
969,22.004022285006496,14,"shrimp1,shrimp2,shrimp3","ind1,ind2,ind3"
970,97.69818279896451,15,"shrimp1,shrimp2,shrimp3","ind1,ind2,ind3"
971,12.967037303364444,14,"shrimp1,shrimp2,shrimp3","ind1,ind2,ind3"
972,21.935476547661285,13,"shrimp1,shrimp2,shrimp3","ind1,ind2,ind3"
973,8.510616557121534,15,"shrimp1,shrimp2,shrimp3","ind1,ind2,ind3"
974,106.1790439819296,14,"shrimp1,shrimp2,shrimp3","ind1,ind2,ind3"
975,25.37462007127348,14,"shrimp1,shrimp2,shrimp3","ind1,ind2,ind3"
976,23.38364165888664,10,"shrimp1,shrimp2,shrimp3","ind1,ind2,ind3"
977,22.817408137858372,14,"shrimp1,shrimp2,shrimp3","ind1,ind2,ind3"
978,179.24379431983468,15,"shrimp1,shrimp2,shrimp3","ind1,ind2,ind3"
979,22.188549328968392,13,"shrimp1,shrimp2,shrimp3","ind1,ind2,ind3"
980,10.20703385640143,10,"shrimp1,shrimp2,shrimp3","ind1,ind2,ind3"
981,7.098524979668824,10,"shrimp1,shrimp2,shrimp3","ind1,ind2,ind3"
982,9.488586965169407,10,"shrimp1,shrimp2,shrimp3","ind1,ind2,ind3"
983,49.91049456652503,9,"shrimp1,shrimp2,shrimp3","ind1,ind2,ind3"
984,18.518889621652853,15,"shrimp1,shrimp2,shrimp3","ind1,ind2,ind3"
985,6.182866505948656,15,"shrimp1,shrimp2,shrimp3","ind1,ind2,ind3"
986,7.053480617687893,15,"shrimp1,shrimp2,shrimp3","ind1,ind2,ind3"
987,9.55695652170762,15,"shrimp1,shrimp2,shrimp3","ind1,ind2,ind3"
988,7.367412748142528,15,"shrimp1,shrimp2,shrimp3","ind1,ind2,ind3"
989,7.223278244287088,15,"shrimp1,shrimp2,shrimp3","ind1,ind2,ind3"
990,24.03513134199497,14,"shrimp1,shrimp2,shrimp3","ind1,ind2,ind3"
991,24.2621706273782,14,"shrimp1,shrimp2,shrimp3","ind1,ind2,ind3"
992,22.619381844807936,14,"shrimp1,shrimp2,shrimp3","ind1,ind2,ind3"
993,6.558837054617616,15,"shrimp1,shrimp2,shrimp3","ind1,ind2,ind3"
994,6.828058693244472,15,"shrimp1,shrimp2,shrimp3","ind1,ind2,ind3"
995,7.599092314227224,15,"shrimp1,shrimp2,shrimp3","ind1,ind2,ind3"
996,26.083472696775225,15,"shrimp1,shrimp2,shrimp3","ind1,ind2,ind3"
997,182.93266531613006,15,"shrimp1,shrimp2,shrimp3","ind1,ind2,ind3"
998,8.001963693611795,10,"shrimp1,shrimp2,shrimp3","ind1,ind2,ind3"
999,7.920755839088645,10,"shrimp1,shrimp2,shrimp3","ind1,ind2,ind3"
